timestamp,time_utc_usec,lat,lon,alt,alt_ellipsoid,s_variance_m_s,c_variance_rad,eph,epv,hdop,vdop,noise_per_ms,jamming_indicator,vel_m_s,vel_n_m_s,vel_e_m_s,vel_d_m_s,cog_rad,timestamp_time_relative,heading,heading_offset,fix_type,jamming_state,vel_ned_valid,satellites_used,selected
5500000,1678435446186000,401540303,1162593683,1097,1097,0.25,0.5,0.29999998,0.39999998,0.0,0.0,0,0,0.02,0.02,0.0,0.07,0.0,0,nan,nan,3,0,1,15,0
5601000,1678435446286000,401540306,1162593684,907,907,0.25,0.5,0.29999998,0.39999998,0.0,0.0,0,0,0.0,0.0,0.0,-0.089999996,0.0,0,nan,nan,3,0,1,15,0
5701000,1678435446386000,401540307,1162593686,1000,1000,0.25,0.5,0.29999998,0.39999998,0.0,0.0,0,0,0.02,0.01,-0.02,-0.06,0.0,0,nan,nan,3,0,1,15,0
5798000,1678435446486000,401540301,1162593681,1043,1043,0.25,0.5,0.29999998,0.39999998,0.0,0.0,0,0,0.03,0.02,0.02,0.02,0.0,0,nan,nan,3,0,1,15,0
5898000,1678435446586000,401540307,1162593681,1144,1144,0.25,0.5,0.29999998,0.39999998,0.0,0.0,0,0,0.03,0.03,-0.02,0.01,0.0,0,nan,nan,3,0,1,15,0
5998000,1678435446686000,401540305,1162593687,999,999,0.25,0.5,0.29999998,0.39999998,0.0,0.0,0,0,0.01,0.0,-0.01,-0.04,0.0,0,nan,nan,3,0,1,15,0
6098000,1678435446786000,401540306,1162593680,1101,1101,0.25,0.5,0.29999998,0.39999998,0.0,0.0,0,0,0.01,0.0,-0.01,-0.049999997,0.0,0,nan,nan,3,0,1,15,0
6199000,1678435446886000,401540306,1162593678,1126,1126,0.25,0.5,0.29999998,0.39999998,0.0,0.0,0,0,0.06,-0.02,0.049999997,-0.01,0.0,0,nan,nan,3,0,1,15,0
6299000,1678435446986000,401540298,1162593687,933,933,0.25,0.5,0.29999998,0.39999998,0.0,0.0,0,0,0.03,-0.01,0.03,0.03,0.0,0,nan,nan,3,0,1,15,0
6399000,1678435447086000,401540297,1162593677,967,967,0.25,0.5,0.29999998,0.39999998,0.0,0.0,0,0,0.03,-0.03,0.01,0.04,0.0,0,nan,nan,3,0,1,15,0
6500000,1678435447186000,401540303,1162593688,970,970,0.25,0.5,0.29999998,0.39999998,0.0,0.0,0,0,0.049999997,-0.04,-0.03,0.01,0.0,0,nan,nan,3,0,1,15,0
6600000,1678435447286000,401540297,1162593682,1005,1005,0.25,0.5,0.29999998,0.39999998,0.0,0.0,0,0,0.04,0.04,0.02,-0.03,0.0,0,nan,nan,3,0,1,15,0
6700000,1678435447386000,401540303,1162593685,961,961,0.25,0.5,0.29999998,0.39999998,0.0,0.0,0,0,0.07,-0.049999997,-0.03,-0.01,0.0,0,nan,nan,3,0,1,15,0
6800000,1678435447486000,401540300,1162593681,1091,1091,0.25,0.5,0.29999998,0.39999998,0.0,0.0,0,0,0.07,-0.07,-0.01,-0.06,0.0,0,nan,nan,3,0,1,15,0
6901000,1678435447586000,401540299,1162593679,1050,1050,0.25,0.5,0.29999998,0.39999998,0.0,0.0,0,0,0.03,-0.02,0.02,-0.06,0.0,0,nan,nan,3,0,1,15,0
6998000,1678435447686000,401540300,1162593687,959,959,0.25,0.5,0.29999998,0.39999998,0.0,0.0,0,0,0.049999997,0.02,-0.049999997,0.049999997,0.0,0,nan,nan,3,0,1,15,0
7101000,1678435447786000,401540307,1162593690,1124,1124,0.25,0.5,0.29999998,0.39999998,0.0,0.0,0,0,0.02,0.02,0.0,0.01,0.0,0,nan,nan,3,0,1,15,0
7198000,1678435447886000,401540301,1162593682,1063,1063,0.25,0.5,0.29999998,0.39999998,0.0,0.0,0,0,0.049999997,0.04,0.04,0.03,0.0,0,nan,nan,3,0,1,15,0
7300000,1678435447986000,401540301,1162593681,920,920,0.25,0.5,0.29999998,0.39999998,0.0,0.0,0,0,0.06,0.03,-0.04,-0.04,0.0,0,nan,nan,3,0,1,15,0
7401000,1678435448086000,401540305,1162593682,966,966,0.25,0.5,0.29999998,0.39999998,0.0,0.0,0,0,0.0,0.0,0.0,0.06,0.0,0,nan,nan,3,0,1,15,0
7501000,1678435448186000,401540304,1162593680,1036,1036,0.25,0.5,0.29999998,0.39999998,0.0,0.0,0,0,0.04,0.03,-0.02,0.01,0.0,0,nan,nan,3,0,1,15,0
7598000,1678435448286000,401540298,1162593678,1095,1095,0.25,0.5,0.29999998,0.39999998,0.0,0.0,0,0,0.03,0.03,0.01,-0.07,0.0,0,nan,nan,3,0,1,15,0
7700000,1678435448386000,401540298,1162593679,907,907,0.25,0.5,0.29999998,0.39999998,0.0,0.0,0,0,0.04,0.01,0.03,-0.01,0.0,0,nan,nan,3,0,1,15,0
7798000,1678435448486000,401540304,1162593683,1042,1042,0.25,0.5,0.29999998,0.39999998,0.0,0.0,0,0,0.03,0.03,-0.01,-0.01,0.0,0,nan,nan,3,0,1,15,0
7898000,1678435448586000,401540298,1162593682,939,939,0.25,0.5,0.29999998,0.39999998,0.0,0.0,0,0,0.03,0.01,0.03,0.04,0.0,0,nan,nan,3,0,1,15,0
7999000,1678435448686000,401540302,1162593679,908,908,0.25,0.5,0.29999998,0.39999998,0.0,0.0,0,0,0.02,-0.01,0.01,0.04,0.0,0,nan,nan,3,0,1,15,0
8100000,1678435448786000,401540303,1162593688,973,973,0.25,0.5,0.29999998,0.39999998,0.0,0.0,0,0,0.01,-0.01,0.0,-0.01,0.0,0,nan,nan,3,0,1,15,0
8197000,1678435448886000,401540302,1162593679,1090,1090,0.25,0.5,0.29999998,0.39999998,0.0,0.0,0,0,0.06,0.049999997,0.0,-0.01,0.0,0,nan,nan,3,0,1,15,0
8299000,1678435448986000,401540301,1162593681,1076,1076,0.25,0.5,0.29999998,0.39999998,0.0,0.0,0,0,0.02,0.0,0.02,-0.08,0.0,0,nan,nan,3,0,1,15,0
8399000,1678435449086000,401540301,1162593684,1122,1122,0.25,0.5,0.29999998,0.39999998,0.0,0.0,0,0,0.02,0.02,0.01,-0.03,0.0,0,nan,nan,3,0,1,15,0
8500000,1678435449186000,401540304,1162593682,1018,1018,0.25,0.5,0.29999998,0.39999998,0.0,0.0,0,0,0.02,-0.01,0.02,-0.03,0.0,0,nan,nan,3,0,1,15,0
8601000,1678435449286000,401540305,1162593690,1012,1012,0.25,0.5,0.29999998,0.39999998,0.0,0.0,0,0,0.049999997,-0.04,-0.03,0.06,0.0,0,nan,nan,3,0,1,15,0
8698000,1678435449386000,401540303,1162593690,1002,1002,0.25,0.5,0.29999998,0.39999998,0.0,0.0,0,0,0.03,-0.03,0.0,0.04,0.0,0,nan,nan,3,0,1,15,0
8798000,1678435449486000,401540297,1162593680,1071,1071,0.25,0.5,0.29999998,0.39999998,0.0,0.0,0,0,0.04,-0.03,-0.02,0.04,0.0,0,nan,nan,3,0,1,15,0
8898000,1678435449586000,401540306,1162593689,924,924,0.25,0.5,0.29999998,0.39999998,0.0,0.0,0,0,0.04,-0.01,-0.04,-0.049999997,0.0,0,nan,nan,3,0,1,15,0
8999000,1678435449686000,401540305,1162593681,976,976,0.25,0.5,0.29999998,0.39999998,0.0,0.0,0,0,0.07,-0.04,-0.049999997,0.099999994,0.0,0,nan,nan,3,0,1,15,0
9101000,1678435449786000,401540307,1162593686,1010,1010,0.25,0.5,0.29999998,0.39999998,0.0,0.0,0,0,0.03,-0.01,-0.03,0.0,0.0,0,nan,nan,3,0,1,15,0
9201000,1678435449886000,401540305,1162593682,1026,1026,0.25,0.5,0.29999998,0.39999998,0.0,0.0,0,0,0.01,0.01,-0.01,-0.02,0.0,0,nan,nan,3,0,1,15,0
9301000,1678435449986000,401540299,1162593686,1093,1093,0.25,0.5,0.29999998,0.39999998,0.0,0.0,0,0,0.06,0.02,-0.049999997,-0.01,0.0,0,nan,nan,3,0,1,15,0
9401000,1678435450086000,401540300,1162593687,1062,1062,0.25,0.5,0.29999998,0.39999998,0.0,0.0,0,0,0.049999997,-0.049999997,-0.01,0.01,0.0,0,nan,nan,3,0,1,15,0
9499000,1678435450186000,401540300,1162593677,997,997,0.25,0.5,0.29999998,0.39999998,0.0,0.0,0,0,0.04,-0.03,0.03,0.03,0.0,0,nan,nan,3,0,1,15,0
9599000,1678435450286000,401540302,1162593683,971,971,0.25,0.5,0.29999998,0.39999998,0.0,0.0,0,0,0.02,0.01,-0.02,-0.02,0.0,0,nan,nan,3,0,1,15,0
9700000,1678435450386000,401540307,1162593681,1087,1087,0.25,0.5,0.29999998,0.39999998,0.0,0.0,0,0,0.04,-0.02,0.03,-0.06,0.0,0,nan,nan,3,0,1,15,0
9798000,1678435450486000,401540302,1162593686,1081,1081,0.25,0.5,0.29999998,0.39999998,0.0,0.0,0,0,0.04,0.01,0.03,0.04,0.0,0,nan,nan,3,0,1,15,0
9898000,1678435450586000,401540303,1162593683,1094,1094,0.25,0.5,0.29999998,0.39999998,0.0,0.0,0,0,0.04,-0.02,0.03,0.03,0.0,0,nan,nan,3,0,1,15,0
10000000,1678435450686000,401540298,1162593684,967,967,0.25,0.5,0.29999998,0.39999998,0.0,0.0,0,0,0.06,-0.049999997,0.04,0.099999994,0.0,0,nan,nan,3,0,1,15,0
10101000,1678435450786000,401540304,1162593683,1127,1127,0.25,0.5,0.29999998,0.39999998,0.0,0.0,0,0,0.03,0.01,0.03,0.089999996,0.0,0,nan,nan,3,0,1,15,0
10198000,1678435450886000,401540306,1162593689,1095,1095,0.25,0.5,0.29999998,0.39999998,0.0,0.0,0,0,0.03,-0.03,-0.01,0.04,0.0,0,nan,nan,3,0,1,15,0
10299000,1678435450986000,401540299,1162593682,985,985,0.25,0.5,0.29999998,0.39999998,0.0,0.0,0,0,0.03,-0.02,-0.02,0.089999996,0.0,0,nan,nan,3,0,1,15,0
10399000,1678435451086000,401540305,1162593678,1033,1033,0.25,0.5,0.29999998,0.39999998,0.0,0.0,0,0,0.049999997,0.04,-0.02,-0.04,0.0,0,nan,nan,3,0,1,15,0
10499000,1678435451186000,401540301,1162593688,972,972,0.25,0.5,0.29999998,0.39999998,0.0,0.0,0,0,0.01,0.0,0.01,0.06,0.0,0,nan,nan,3,0,1,15,0
10598000,1678435451286000,401540298,1162593682,1101,1101,0.25,0.5,0.29999998,0.39999998,0.0,0.0,0,0,0.03,0.03,0.01,-0.03,0.0,0,nan,nan,3,0,1,15,0
10699000,1678435451386000,401540302,1162593683,1052,1052,0.25,0.5,0.29999998,0.39999998,0.0,0.0,0,0,0.049999997,0.049999997,-0.02,-0.08,0.0,0,nan,nan,3,0,1,15,0
10799000,1678435451486000,401540299,1162593679,1040,1040,0.25,0.5,0.29999998,0.39999998,0.0,0.0,0,0,0.04,0.03,-0.03,-0.02,0.0,0,nan,nan,3,0,1,15,0
10899000,1678435451586000,401540300,1162593684,1008,1008,0.25,0.5,0.29999998,0.39999998,0.0,0.0,0,0,0.03,-0.03,-0.01,0.03,0.0,0,nan,nan,3,0,1,15,0
10999000,1678435451686000,401540303,1162593686,1145,1145,0.25,0.5,0.29999998,0.39999998,0.0,0.0,0,0,0.02,-0.01,-0.01,0.0,0.0,0,nan,nan,3,0,1,15,0
11099000,1678435451786000,401540306,1162593688,945,945,0.25,0.5,0.29999998,0.39999998,0.0,0.0,0,0,0.06,0.03,0.049999997,0.0,0.0,0,nan,nan,3,0,1,15,0
11199000,1678435451886000,401540305,1162593678,922,922,0.25,0.5,0.29999998,0.39999998,0.0,0.0,0,0,0.02,0.02,0.0,0.03,0.0,0,nan,nan,3,0,1,15,0
11299000,1678435451986000,401540302,1162593681,936,936,0.25,0.5,0.29999998,0.39999998,0.0,0.0,0,0,0.02,0.0,0.02,0.0,0.0,0,nan,nan,3,0,1,15,0
11399000,1678435452086000,401540306,1162593686,1146,1146,0.25,0.5,0.29999998,0.39999998,0.0,0.0,0,0,0.02,-0.02,-0.01,0.049999997,0.0,0,nan,nan,3,0,1,15,0
11499000,1678435452186000,401540300,1162593688,1051,1051,0.25,0.5,0.29999998,0.39999998,0.0,0.0,0,0,0.049999997,0.049999997,0.0,-0.01,0.0,0,nan,nan,3,0,1,15,0
11599000,1678435452286000,401540299,1162593678,1049,1049,0.25,0.5,0.29999998,0.39999998,0.0,0.0,0,0,0.03,-0.02,-0.02,0.02,0.0,0,nan,nan,3,0,1,15,0
11699000,1678435452386000,401540307,1162593685,1033,1033,0.25,0.5,0.29999998,0.39999998,0.0,0.0,0,0,0.03,-0.03,0.0,0.04,0.0,0,nan,nan,3,0,1,15,0
11799000,1678435452486000,401540298,1162593681,1019,1019,0.25,0.5,0.29999998,0.39999998,0.0,0.0,0,0,0.02,-0.02,-0.01,0.06,0.0,0,nan,nan,3,0,1,15,0
11900000,1678435452586000,401540300,1162593687,1042,1042,0.25,0.5,0.29999998,0.39999998,0.0,0.0,0,0,0.04,0.03,0.02,0.0,0.0,0,nan,nan,3,0,1,15,0
11998000,1678435452686000,401540302,1162593676,1055,1055,0.25,0.5,0.29999998,0.39999998,0.0,0.0,0,0,0.04,0.03,0.02,-0.049999997,0.0,0,nan,nan,3,0,1,15,0
12099000,1678435452786000,401540301,1162593686,1052,1052,0.25,0.5,0.29999998,0.39999998,0.0,0.0,0,0,0.03,0.0,-0.03,0.08,0.0,0,nan,nan,3,0,1,15,0
12199000,1678435452886000,401540305,1162593689,1008,1008,0.25,0.5,0.29999998,0.39999998,0.0,0.0,0,0,0.02,0.02,0.01,0.06,0.0,0,nan,nan,3,0,1,15,0
12301000,1678435452986000,401540298,1162593680,1080,1080,0.25,0.5,0.29999998,0.39999998,0.0,0.0,0,0,0.01,0.0,0.0,-0.049999997,0.0,0,nan,nan,3,0,1,15,0
12398000,1678435453086000,401540306,1162593680,966,966,0.25,0.5,0.29999998,0.39999998,0.0,0.0,0,0,0.04,-0.02,-0.03,-0.06,0.0,0,nan,nan,3,0,1,15,0
12498000,1678435453186000,401540298,1162593680,957,957,0.25,0.5,0.29999998,0.39999998,0.0,0.0,0,0,0.01,0.0,0.0,-0.049999997,0.0,0,nan,nan,3,0,1,15,0
12599000,1678435453286000,401540303,1162593689,960,960,0.25,0.5,0.29999998,0.39999998,0.0,0.0,0,0,0.03,0.02,0.02,0.03,0.0,0,nan,nan,3,0,1,15,0
12700000,1678435453386000,401540305,1162593676,1097,1097,0.25,0.5,0.29999998,0.39999998,0.0,0.0,0,0,0.049999997,-0.04,-0.03,-0.03,0.0,0,nan,nan,3,0,1,15,0
12800000,1678435453486000,401540304,1162593685,984,984,0.25,0.5,0.29999998,0.39999998,0.0,0.0,0,0,0.02,-0.02,0.0,-0.01,0.0,0,nan,nan,3,0,1,15,0
12901000,1678435453586000,401540298,1162593683,914,914,0.25,0.5,0.29999998,0.39999998,0.0,0.0,0,0,0.04,0.02,0.04,-0.03,0.0,0,nan,nan,3,0,1,15,0
12999000,1678435453686000,401540301,1162593684,1092,1092,0.25,0.5,0.29999998,0.39999998,0.0,0.0,0,0,0.03,0.02,0.02,0.04,0.0,0,nan,nan,3,0,1,15,0
13099000,1678435453786000,401540299,1162593682,1016,1016,0.25,0.5,0.29999998,0.39999998,0.0,0.0,0,0,0.04,0.03,-0.02,0.02,0.0,0,nan,nan,3,0,1,15,0
13200000,1678435453886000,401540300,1162593688,1052,1052,0.25,0.5,0.29999998,0.39999998,0.0,0.0,0,0,0.01,0.0,-0.01,0.02,0.0,0,nan,nan,3,0,1,15,0
13301000,1678435453986000,401540303,1162593680,995,995,0.25,0.5,0.29999998,0.39999998,0.0,0.0,0,0,0.049999997,0.04,0.03,-0.03,0.0,0,nan,nan,3,0,1,15,0
13401000,1678435454086000,401540300,1162593677,1115,1115,0.25,0.5,0.29999998,0.39999998,0.0,0.0,0,0,0.03,0.0,0.03,0.02,0.0,0,nan,nan,3,0,1,15,0
13501000,1678435454186000,401540299,1162593689,1094,1094,0.25,0.5,0.29999998,0.39999998,0.0,0.0,0,0,0.049999997,-0.02,-0.04,-0.02,0.0,0,nan,nan,3,0,1,15,0
13598000,1678435454286000,401540297,1162593690,991,991,0.25,0.5,0.29999998,0.39999998,0.0,0.0,0,0,0.02,0.02,0.0,-0.02,0.0,0,nan,nan,3,0,1,15,0
13698000,1678435454386000,401540302,1162593677,1038,1038,0.25,0.5,0.29999998,0.39999998,0.0,0.0,0,0,0.01,0.01,0.0,-0.08,0.0,0,nan,nan,3,0,1,15,0
13798000,1678435454486000,401540300,1162593686,1019,1019,0.25,0.5,0.29999998,0.39999998,0.0,0.0,0,0,0.02,0.02,-0.01,0.07,0.0,0,nan,nan,3,0,1,15,0
13898000,1678435454586000,401540302,1162593690,972,972,0.25,0.5,0.29999998,0.39999998,0.0,0.0,0,0,0.03,0.01,-0.03,0.0,0.0,0,nan,nan,3,0,1,15,0
13998000,1678435454686000,401540303,1162593678,1081,1081,0.25,0.5,0.29999998,0.39999998,0.0,0.0,0,0,0.03,0.0,0.03,0.049999997,0.0,0,nan,nan,3,0,1,15,0
14099000,1678435454786000,401540297,1162593685,997,997,0.25,0.5,0.29999998,0.39999998,0.0,0.0,0,0,0.04,0.02,0.03,0.08,0.0,0,nan,nan,3,0,1,15,0
14200000,1678435454886000,401540297,1162593681,1132,1132,0.25,0.5,0.29999998,0.39999998,0.0,0.0,0,0,0.02,-0.02,-0.01,0.02,0.0,0,nan,nan,3,0,1,15,0
14301000,1678435454986000,401540305,1162593686,979,979,0.25,0.5,0.29999998,0.39999998,0.0,0.0,0,0,0.06,-0.06,0.0,-0.07,0.0,0,nan,nan,3,0,1,15,0
14398000,1678435455086000,401540299,1162593680,915,915,0.25,0.5,0.29999998,0.39999998,0.0,0.0,0,0,0.03,0.03,0.01,-0.02,0.0,0,nan,nan,3,0,1,15,0
14499000,1678435455186000,401540302,1162593679,964,964,0.25,0.5,0.29999998,0.39999998,0.0,0.0,0,0,0.02,-0.02,-0.01,-0.01,0.0,0,nan,nan,3,0,1,15,0
14600000,1678435455286000,401540303,1162593682,1144,1144,0.25,0.5,0.29999998,0.39999998,0.0,0.0,0,0,0.03,0.01,-0.02,-0.08,0.0,0,nan,nan,3,0,1,15,0
14698000,1678435455386000,401540307,1162593685,1022,1022,0.25,0.5,0.29999998,0.39999998,0.0,0.0,0,0,0.02,-0.01,-0.01,-0.08,0.0,0,nan,nan,3,0,1,15,0
14801000,1678435455486000,401540306,1162593685,1071,1071,0.25,0.5,0.29999998,0.39999998,0.0,0.0,0,0,0.01,0.01,0.0,0.03,0.0,0,nan,nan,3,0,1,15,0
14901000,1678435455586000,401540299,1162593688,931,931,0.25,0.5,0.29999998,0.39999998,0.0,0.0,0,0,0.04,0.0,0.04,-0.089999996,0.0,0,nan,nan,3,0,1,15,0
15000000,1678435455686000,401540303,1162593687,1124,1124,0.25,0.5,0.29999998,0.39999998,0.0,0.0,0,0,0.04,0.04,0.02,0.06,0.0,0,nan,nan,3,0,1,15,0
15100000,1678435455786000,401540303,1162593676,1130,1130,0.25,0.5,0.29999998,0.39999998,0.0,0.0,0,0,0.06,-0.02,0.049999997,0.0,0.0,0,nan,nan,3,0,1,15,0
15201000,1678435455886000,401540307,1162593688,1065,1065,0.25,0.5,0.29999998,0.39999998,0.0,0.0,0,0,0.02,0.02,0.0,0.02,0.0,0,nan,nan,3,0,1,15,0
15400000,1678435456086000,401540299,1162593685,1102,1102,0.25,0.5,0.29999998,0.39999998,0.0,0.0,0,0,0.01,-0.01,0.0,-0.08,0.0,0,nan,nan,3,0,1,15,0
15501000,1678435456186000,401540301,1162593683,1094,1094,0.25,0.5,0.29999998,0.39999998,0.0,0.0,0,0,0.02,-0.01,0.02,-0.04,0.0,0,nan,nan,3,0,1,15,0
15800000,1678435456486000,401540300,1162593690,1134,1134,0.25,0.5,0.29999998,0.39999998,0.0,0.0,0,0,0.03,0.0,0.03,0.049999997,0.0,0,nan,nan,3,0,1,15,0
15900000,1678435456586000,401540305,1162593685,957,957,0.25,0.5,0.29999998,0.39999998,0.0,0.0,0,0,0.04,0.01,0.04,0.03,0.0,0,nan,nan,3,0,1,15,0
16001000,1678435456686000,401540307,1162593682,963,963,0.25,0.5,0.29999998,0.39999998,0.0,0.0,0,0,0.01,0.0,0.01,0.03,0.0,0,nan,nan,3,0,1,15,0
16300000,1678435456986000,401540306,1162593689,918,918,0.25,0.5,0.29999998,0.39999998,0.0,0.0,0,0,0.07,0.07,-0.02,0.099999994,0.0,0,nan,nan,3,0,1,15,0
16401000,1678435457086000,401540307,1162593681,1013,1013,0.25,0.5,0.29999998,0.39999998,0.0,0.0,0,0,0.07,0.03,-0.06,0.0,0.0,0,nan,nan,3,0,1,15,0
16501000,1678435457186000,401540302,1162593685,1102,1102,0.25,0.5,0.29999998,0.39999998,0.0,0.0,0,0,0.04,-0.01,-0.04,0.02,0.0,0,nan,nan,3,0,1,15,0
16801000,1678435457487000,401540305,1162593685,1089,1089,0.25,0.5,0.29999998,0.39999998,0.0,0.0,0,0,0.04,-0.04,0.0,-0.04,0.0,0,nan,nan,3,0,1,15,0
16901000,1678435457587000,401540306,1162593688,999,999,0.25,0.5,0.29999998,0.39999998,0.0,0.0,0,0,0.049999997,-0.01,0.049999997,-0.08,0.0,0,nan,nan,3,0,1,15,0
17002000,1678435457687000,401540298,1162593679,1058,1058,0.25,0.5,0.29999998,0.39999998,0.0,0.0,0,0,0.03,-0.02,0.03,0.089999996,0.0,0,nan,nan,3,0,1,15,0
17102000,1678435457787000,401540299,1162593683,1121,1121,0.25,0.5,0.29999998,0.39999998,0.0,0.0,0,0,0.01,0.01,0.0,0.0,0.0,0,nan,nan,3,0,1,15,0
17202000,1678435457887000,401540300,1162593676,1094,1094,0.25,0.5,0.29999998,0.39999998,0.0,0.0,0,0,0.02,-0.01,0.01,0.01,0.0,0,nan,nan,3,0,1,15,0
17500000,1678435458187000,401540304,1162593685,980,980,0.25,0.5,0.29999998,0.39999998,0.0,0.0,0,0,0.04,-0.02,0.03,-0.08,0.0,0,nan,nan,3,0,1,15,0
17601000,1678435458287000,401540298,1162593680,1134,1134,0.25,0.5,0.29999998,0.39999998,0.0,0.0,0,0,0.02,0.01,0.02,0.02,0.0,0,nan,nan,3,0,1,15,0
17701000,1678435458387000,401540302,1162593688,1046,1046,0.25,0.5,0.29999998,0.39999998,0.0,0.0,0,0,0.02,0.01,0.02,-0.07,0.0,0,nan,nan,3,0,1,15,0
17801000,1678435458487000,401540305,1162593687,1016,1016,0.25,0.5,0.29999998,0.39999998,0.0,0.0,0,0,0.02,-0.01,0.02,0.07,0.0,0,nan,nan,3,0,1,15,0
17902000,1678435458587000,401540300,1162593685,960,960,0.25,0.5,0.29999998,0.39999998,0.0,0.0,0,0,0.049999997,-0.02,0.04,0.0,0.0,0,nan,nan,3,0,1,15,0
18002000,1678435458687000,401540307,1162593678,1102,1102,0.25,0.5,0.29999998,0.39999998,0.0,0.0,0,0,0.02,0.01,-0.02,-0.07,0.0,0,nan,nan,3,0,1,15,0
18400000,1678435459087000,401540305,1162593676,996,996,0.25,0.5,0.29999998,0.39999998,0.0,0.0,0,0,0.04,-0.01,-0.04,0.03,0.0,0,nan,nan,3,0,1,15,0
18501000,1678435459187000,401540307,1162593687,1101,1101,0.25,0.5,0.29999998,0.39999998,0.0,0.0,0,0,0.01,-0.01,0.01,0.0,0.0,0,nan,nan,3,0,1,15,0
18700000,1678435459387000,401540306,1162593688,1117,1117,0.25,0.5,0.29999998,0.39999998,0.0,0.0,0,0,0.01,0.0,0.0,0.02,0.0,0,nan,nan,3,0,1,15,0
18801000,1678435459487000,401540298,1162593680,1002,1002,0.25,0.5,0.29999998,0.39999998,0.0,0.0,0,0,0.02,-0.01,-0.02,0.049999997,0.0,0,nan,nan,3,0,1,15,0
19103000,1678435459788000,401540300,1162593687,1004,1004,0.25,0.5,0.29999998,0.39999998,0.0,0.0,0,0,0.07,0.03,0.06,-0.12,0.0,0,nan,nan,3,0,1,15,0
19403000,1678435460088000,401540299,1162593688,962,962,0.25,0.5,0.29999998,0.39999998,0.0,0.0,0,0,0.03,-0.02,0.02,0.04,0.0,0,nan,nan,3,0,1,15,0
19503000,1678435460188000,401540299,1162593681,1109,1109,0.25,0.5,0.29999998,0.39999998,0.0,0.0,0,0,0.049999997,-0.01,0.049999997,-0.049999997,0.0,0,nan,nan,3,0,1,15,0
20503000,1678435461188000,401540298,1162593685,1016,1016,0.25,0.5,0.29999998,0.39999998,0.0,0.0,0,0,0.04,0.03,-0.01,-0.02,0.0,0,nan,nan,3,0,1,15,0
20603000,1678435461288000,401540303,1162593688,1108,1108,0.25,0.5,0.29999998,0.39999998,0.0,0.0,0,0,0.03,0.0,-0.03,-0.07,0.0,0,nan,nan,3,0,1,15,0
21403000,1678435462088000,401540303,1162593684,977,977,0.25,0.5,0.29999998,0.39999998,0.0,0.0,0,0,0.03,-0.03,0.0,0.0,0.0,0,nan,nan,3,0,1,15,0
21811000,1678435462499000,401540299,1162593683,1205,1205,0.25,0.5,0.29999998,0.39999998,0.0,0.0,0,0,0.049999997,0.04,-0.03,-1.36,0.0,0,nan,nan,3,0,1,15,0
21912000,1678435462599000,401540300,1162593689,1269,1269,0.25,0.5,0.29999998,0.39999998,0.0,0.0,0,0,0.02,0.02,-0.01,-1.67,0.0,0,nan,nan,3,0,1,15,0
22012000,1678435462699000,401540304,1162593677,1408,1408,0.25,0.5,0.29999998,0.39999998,0.0,0.0,0,0,0.01,0.0,0.01,-1.7099999,0.0,0,nan,nan,3,0,1,15,0
22112000,1678435462799000,401540301,1162593690,1650,1650,0.25,0.5,0.29999998,0.39999998,0.0,0.0,0,0,0.02,-0.01,0.01,-1.8,0.0,0,nan,nan,3,0,1,15,0
22214000,1678435462900000,401540307,1162593687,1908,1908,0.25,0.5,0.29999998,0.39999998,0.0,0.0,0,0,0.07,0.049999997,0.06,-1.8299999,0.0,0,nan,nan,3,0,1,15,0
22314000,1678435463000000,401540304,1162593685,2072,2072,0.25,0.5,0.29999998,0.39999998,0.0,0.0,0,0,0.06,0.049999997,0.04,-1.89,0.0,0,nan,nan,3,0,1,15,0
22913000,1678435463602000,401540306,1162593692,3293,3293,0.25,0.5,0.29999998,0.39999998,0.0,0.0,0,0,0.03,0.0,0.03,-2.2,0.0,0,nan,nan,3,0,1,15,0
23014000,1678435463702000,401540301,1162593686,3451,3451,0.25,0.5,0.29999998,0.39999998,0.0,0.0,0,0,0.049999997,0.02,0.04,-2.18,0.0,0,nan,nan,3,0,1,15,0
23114000,1678435463802000,401540308,1162593688,3662,3662,0.25,0.5,0.29999998,0.39999998,0.0,0.0,0,0,0.049999997,0.02,0.049999997,-2.29,0.0,0,nan,nan,3,0,1,15,0
23314000,1678435464002000,401540301,1162593686,4078,4078,0.25,0.5,0.29999998,0.39999998,0.0,0.0,0,0,0.03,0.03,0.01,-2.34,0.0,0,nan,nan,3,0,1,15,0
23414000,1678435464102000,401540307,1162593689,4432,4432,0.25,0.5,0.29999998,0.39999998,0.0,0.0,0,0,0.0,0.0,0.0,-2.4199998,0.0,0,nan,nan,3,0,1,15,0
23514000,1678435464202000,401540308,1162593681,4489,4489,0.25,0.5,0.29999998,0.39999998,0.0,0.0,0,0,0.08,0.03,-0.07,-2.37,0.0,0,nan,nan,3,0,1,15,0
24718000,1678435465404000,401540305,1162593687,7604,7604,0.25,0.5,0.29999998,0.39999998,0.0,0.0,0,0,0.049999997,-0.02,-0.04,-2.6699998,0.0,0,nan,nan,3,0,1,15,0
24919000,1678435465606000,401540306,1162593686,8239,8239,0.25,0.5,0.29999998,0.39999998,0.0,0.0,0,0,0.07,0.06,-0.04,-2.6699998,0.0,0,nan,nan,3,0,1,15,0
25019000,1678435465706000,401540306,1162593685,8417,8417,0.25,0.5,0.29999998,0.39999998,0.0,0.0,0,0,0.03,0.03,0.01,-2.82,0.0,0,nan,nan,3,0,1,15,0
25119000,1678435465806000,401540305,1162593684,8830,8830,0.25,0.5,0.29999998,0.39999998,0.0,0.0,0,0,0.03,0.02,0.01,-2.85,0.0,0,nan,nan,3,0,1,15,0
25219000,1678435465906000,401540307,1162593687,9110,9110,0.25,0.5,0.29999998,0.39999998,0.0,0.0,0,0,0.03,0.03,-0.01,-2.83,0.0,0,nan,nan,3,0,1,15,0
25320000,1678435466006000,401540301,1162593688,9415,9415,0.25,0.5,0.29999998,0.39999998,0.0,0.0,0,0,0.03,0.02,0.02,-2.9099998,0.0,0,nan,nan,3,0,1,15,0
25420000,1678435466106000,401540312,1162593686,9578,9578,0.25,0.5,0.29999998,0.39999998,0.0,0.0,0,0,0.049999997,0.01,0.049999997,-2.9299998,0.0,0,nan,nan,3,0,1,15,0
25620000,1678435466306000,401540302,1162593689,10156,10156,0.25,0.5,0.29999998,0.39999998,0.0,0.0,0,0,0.04,0.03,0.03,-2.82,0.0,0,nan,nan,3,0,1,15,0
25819000,1678435466506000,401540312,1162593692,10808,10808,0.25,0.5,0.29999998,0.39999998,0.0,0.0,0,0,0.02,0.01,0.01,-2.8899999,0.0,0,nan,nan,3,0,1,15,0
25919000,1678435466606000,401540312,1162593684,10940,10940,0.25,0.5,0.29999998,0.39999998,0.0,0.0,0,0,0.03,0.03,-0.01,-2.8899999,0.0,0,nan,nan,3,0,1,15,0
26019000,1678435466706000,401540305,1162593691,11222,11222,0.25,0.5,0.29999998,0.39999998,0.0,0.0,0,0,0.02,0.02,-0.01,-2.77,0.0,0,nan,nan,3,0,1,15,0
26119000,1678435466806000,401540302,1162593690,11597,11597,0.25,0.5,0.29999998,0.39999998,0.0,0.0,0,0,0.03,-0.01,-0.03,-2.79,0.0,0,nan,nan,3,0,1,15,0
26321000,1678435467006000,401540312,1162593690,12064,12064,0.25,0.5,0.29999998,0.39999998,0.0,0.0,0,0,0.01,0.01,0.0,-2.9399998,0.0,0,nan,nan,3,0,1,15,0
26620000,1678435467306000,401540310,1162593680,12994,12994,0.25,0.5,0.29999998,0.39999998,0.0,0.0,0,0,0.03,0.02,-0.02,-2.9199998,0.0,0,nan,nan,3,0,1,15,0
26720000,1678435467406000,401540303,1162593689,13419,13419,0.25,0.5,0.29999998,0.39999998,0.0,0.0,0,0,0.04,-0.04,-0.01,-2.75,0.0,0,nan,nan,3,0,1,15,0
26821000,1678435467506000,401540305,1162593686,13642,13642,0.25,0.5,0.29999998,0.39999998,0.0,0.0,0,0,0.01,0.01,0.0,-2.5,0.0,0,nan,nan,3,0,1,15,0
27019000,1678435467706000,401540308,1162593685,14004,14004,0.25,0.5,0.29999998,0.39999998,0.0,0.0,0,0,0.04,-0.01,-0.04,-2.01,0.0,0,nan,nan,3,0,1,15,0
27619000,1678435468306000,401540307,1162593684,14965,14965,0.25,0.5,0.29999998,0.39999998,0.0,0.0,0,0,0.02,-0.02,0.0,-1.01,0.0,0,nan,nan,3,0,1,15,0
27721000,1678435468406000,401540308,1162593682,15144,15144,0.25,0.5,0.29999998,0.39999998,0.0,0.0,0,0,0.03,-0.02,0.02,-0.91999996,0.0,0,nan,nan,3,0,1,15,0
27821000,1678435468506000,401540303,1162593678,15175,15175,0.25,0.5,0.29999998,0.39999998,0.0,0.0,0,0,0.049999997,-0.049999997,-0.01,-0.95,0.0,0,nan,nan,3,0,1,15,0
27920000,1678435468606000,401540305,1162593689,15311,15311,0.25,0.5,0.29999998,0.39999998,0.0,0.0,0,0,0.03,0.03,0.0,-0.85999995,0.0,0,nan,nan,3,0,1,15,0
28020000,1678435468706000,401540311,1162593686,15384,15384,0.25,0.5,0.29999998,0.39999998,0.0,0.0,0,0,0.02,0.02,0.01,-0.81,0.0,0,nan,nan,3,0,1,15,0
28119000,1678435468806000,401540310,1162593683,15488,15488,0.25,0.5,0.29999998,0.39999998,0.0,0.0,0,0,0.02,0.01,0.01,-0.71999997,0.0,0,nan,nan,3,0,1,15,0
28221000,1678435468906000,401540300,1162593691,15434,15434,0.25,0.5,0.29999998,0.39999998,0.0,0.0,0,0,0.03,0.02,-0.02,-0.63,0.0,0,nan,nan,3,0,1,15,0
28519000,1678435469206000,401540309,1162593691,15626,15626,0.25,0.5,0.29999998,0.39999998,0.0,0.0,0,0,0.06,-0.049999997,0.04,-0.45999998,0.0,0,nan,nan,3,0,1,15,0
28619000,1678435469306000,401540306,1162593688,15600,15600,0.25,0.5,0.29999998,0.39999998,0.0,0.0,0,0,0.04,-0.04,0.0,-0.48999998,0.0,0,nan,nan,3,0,1,15,0
28719000,1678435469406000,401540307,1162593679,15762,15762,0.25,0.5,0.29999998,0.39999998,0.0,0.0,0,0,0.04,-0.03,0.02,-0.45999998,0.0,0,nan,nan,3,0,1,15,0
28819000,1678435469506000,401540301,1162593688,15814,15814,0.25,0.5,0.29999998,0.39999998,0.0,0.0,0,0,0.01,0.01,0.01,-0.47,0.0,0,nan,nan,3,0,1,15,0
28920000,1678435469606000,401540304,1162593692,15859,15859,0.25,0.5,0.29999998,0.39999998,0.0,0.0,0,0,0.04,0.03,-0.03,-0.31,0.0,0,nan,nan,3,0,1,15,0
29020000,1678435469706000,401540300,1162593689,15916,15916,0.25,0.5,0.29999998,0.39999998,0.0,0.0,0,0,0.049999997,-0.04,-0.02,-0.29999998,0.0,0,nan,nan,3,0,1,15,0
29120000,1678435469806000,401540308,1162593686,15968,15968,0.25,0.5,0.29999998,0.39999998,0.0,0.0,0,0,0.02,0.0,0.02,-0.22,0.0,0,nan,nan,3,0,1,15,0
29220000,1678435469906000,401540309,1162593687,15921,15921,0.25,0.5,0.29999998,0.39999998,0.0,0.0,0,0,0.01,0.01,-0.01,-0.22999999,0.0,0,nan,nan,3,0,1,15,0
29320000,1678435470006000,401540300,1162593691,15829,15829,0.25,0.5,0.29999998,0.39999998,0.0,0.0,0,0,0.049999997,0.02,-0.04,-0.26999998,0.0,0,nan,nan,3,0,1,15,0
29420000,1678435470106000,401540299,1162593690,15884,15884,0.25,0.5,0.29999998,0.39999998,0.0,0.0,0,0,0.06,0.02,-0.06,-0.22,0.0,0,nan,nan,3,0,1,15,0
29520000,1678435470206000,401540305,1162593688,15953,15953,0.25,0.5,0.29999998,0.39999998,0.0,0.0,0,0,0.06,-0.04,-0.049999997,-0.14,0.0,0,nan,nan,3,0,1,15,0
29719000,1678435470406000,401540299,1162593682,16071,16071,0.25,0.5,0.29999998,0.39999998,0.0,0.0,0,0,0.04,-0.03,0.02,-0.08,0.0,0,nan,nan,3,0,1,15,0
29819000,1678435470506000,401540305,1162593680,16046,16046,0.25,0.5,0.29999998,0.39999998,0.0,0.0,0,0,0.0,0.0,0.0,-0.17999999,0.0,0,nan,nan,3,0,1,15,0
29921000,1678435470606000,401540308,1162593680,15980,15980,0.25,0.5,0.29999998,0.39999998,0.0,0.0,0,0,0.049999997,0.0,-0.049999997,-0.16,0.0,0,nan,nan,3,0,1,15,0
30021000,1678435470706000,401540299,1162593684,15935,15935,0.25,0.5,0.29999998,0.39999998,0.0,0.0,0,0,0.089999996,-0.049999997,-0.07,-0.11,0.0,0,nan,nan,3,0,1,15,0
30219000,1678435470906000,401540303,1162593686,16094,16094,0.25,0.5,0.29999998,0.39999998,0.0,0.0,0,0,0.02,0.02,-0.01,-0.089999996,0.0,0,nan,nan,3,0,1,15,0
30319000,1678435471006000,401540309,1162593685,15977,15977,0.25,0.5,0.29999998,0.39999998,0.0,0.0,0,0,0.049999997,0.03,-0.04,-0.02,0.0,0,nan,nan,3,0,1,15,0
30419000,1678435471106000,401540306,1162593678,16059,16059,0.25,0.5,0.29999998,0.39999998,0.0,0.0,0,0,0.07,0.07,0.0,-0.16,0.0,0,nan,nan,3,0,1,15,0
30519000,1678435471206000,401540301,1162593680,16029,16029,0.25,0.5,0.29999998,0.39999998,0.0,0.0,0,0,0.01,0.01,0.0,-0.07,0.0,0,nan,nan,3,0,1,15,0
30619000,1678435471306000,401540303,1162593686,15969,15969,0.25,0.5,0.29999998,0.39999998,0.0,0.0,0,0,0.06,-0.04,-0.04,-0.01,0.0,0,nan,nan,3,0,1,15,0
30719000,1678435471406000,401540309,1162593684,16093,16093,0.25,0.5,0.29999998,0.39999998,0.0,0.0,0,0,0.03,-0.01,0.02,-0.11,0.0,0,nan,nan,3,0,1,15,0
30819000,1678435471506000,401540308,1162593676,16172,16172,0.25,0.5,0.29999998,0.39999998,0.0,0.0,0,0,0.049999997,-0.02,-0.04,-0.049999997,0.0,0,nan,nan,3,0,1,15,0
30920000,1678435471606000,401540302,1162593688,15985,15985,0.25,0.5,0.29999998,0.39999998,0.0,0.0,0,0,0.02,0.01,0.02,-0.03,0.0,0,nan,nan,3,0,1,15,0
31020000,1678435471706000,401540301,1162593677,16026,16026,0.25,0.5,0.29999998,0.39999998,0.0,0.0,0,0,0.01,-0.01,0.0,0.03,0.0,0,nan,nan,3,0,1,15,0
31218000,1678435471906000,401540301,1162593687,16004,16004,0.25,0.5,0.29999998,0.39999998,0.0,0.0,0,0,0.04,-0.04,0.0,0.04,0.0,0,nan,nan,3,0,1,15,0
31318000,1678435472006000,401540300,1162593675,16145,16145,0.25,0.5,0.29999998,0.39999998,0.0,0.0,0,0,0.06,0.04,-0.049999997,-0.02,0.0,0,nan,nan,3,0,1,15,0
31419000,1678435472106000,401540302,1162593677,16028,16028,0.25,0.5,0.29999998,0.39999998,0.0,0.0,0,0,0.049999997,0.02,0.04,-0.099999994,0.0,0,nan,nan,3,0,1,15,0
31519000,1678435472206000,401540303,1162593676,16032,16032,0.25,0.5,0.29999998,0.39999998,0.0,0.0,0,0,0.04,0.04,0.02,0.049999997,0.0,0,nan,nan,3,0,1,15,0
32119000,1678435472806000,401540308,1162593686,16042,16042,0.25,0.5,0.29999998,0.39999998,0.0,0.0,0,0,0.02,0.01,-0.01,-0.099999994,0.0,0,nan,nan,3,0,1,15,0
32325000,1678435473011000,401540309,1162593686,16046,16046,0.25,0.5,0.29999998,0.39999998,0.0,0.0,0,0,0.04,0.0,-0.04,0.0,0.0,0,nan,nan,3,0,1,15,0
32425000,1678435473111000,401540307,1162593679,16225,16225,0.25,0.5,0.29999998,0.39999998,0.0,0.0,0,0,0.03,0.03,0.01,0.01,0.0,0,nan,nan,3,0,1,15,0
32526000,1678435473211000,401540311,1162593687,16047,16047,0.25,0.5,0.29999998,0.39999998,0.0,0.0,0,0,0.03,0.03,0.0,0.01,0.0,0,nan,nan,3,0,1,15,0
33224000,1678435473911000,401540312,1162593678,16153,16153,0.25,0.5,0.29999998,0.39999998,0.0,0.0,0,0,0.04,0.01,0.04,-0.02,0.0,0,nan,nan,3,0,1,15,0
33324000,1678435474011000,401540309,1162593677,16243,16243,0.25,0.5,0.29999998,0.39999998,0.0,0.0,0,0,0.03,0.0,-0.03,-0.049999997,0.0,0,nan,nan,3,0,1,15,0
33424000,1678435474111000,401540309,1162593689,16172,16172,0.25,0.5,0.29999998,0.39999998,0.0,0.0,0,0,0.03,0.03,0.01,-0.06,0.0,0,nan,nan,3,0,1,15,0
33525000,1678435474211000,401540308,1162593679,16136,16136,0.25,0.5,0.29999998,0.39999998,0.0,0.0,0,0,0.04,-0.03,0.03,-0.11,0.0,0,nan,nan,3,0,1,15,0
33626000,1678435474311000,401540304,1162593687,16090,16090,0.25,0.5,0.29999998,0.39999998,0.0,0.0,0,0,0.06,-0.06,0.0,-0.02,0.0,0,nan,nan,3,0,1,15,0
33726000,1678435474411000,401540308,1162593681,16113,16113,0.25,0.5,0.29999998,0.39999998,0.0,0.0,0,0,0.02,-0.02,-0.01,0.08,0.0,0,nan,nan,3,0,1,15,0
34225000,1678435474911000,401540307,1162593685,16172,16172,0.25,0.5,0.29999998,0.39999998,0.0,0.0,0,0,0.03,-0.03,0.0,0.07,0.0,0,nan,nan,3,0,1,15,0
34326000,1678435475011000,401540305,1162593684,16247,16247,0.25,0.5,0.29999998,0.39999998,0.0,0.0,0,0,0.049999997,-0.049999997,0.0,0.04,0.0,0,nan,nan,3,0,1,15,0
34426000,1678435475111000,401540305,1162593684,16158,16158,0.25,0.5,0.29999998,0.39999998,0.0,0.0,0,0,0.049999997,-0.049999997,0.0,-0.02,0.0,0,nan,nan,3,0,1,15,0
34526000,1678435475211000,401540300,1162593681,16254,16254,0.25,0.5,0.29999998,0.39999998,0.0,0.0,0,0,0.04,-0.03,0.03,-0.08,0.0,0,nan,nan,3,0,1,15,0
34824000,1678435475511000,401540305,1162593684,16246,16246,0.25,0.5,0.29999998,0.39999998,0.0,0.0,0,0,0.01,-0.01,-0.01,0.08,0.0,0,nan,nan,3,0,1,15,0
34924000,1678435475611000,401540307,1162593685,16253,16253,0.25,0.5,0.29999998,0.39999998,0.0,0.0,0,0,0.06,0.0,0.06,0.04,0.0,0,nan,nan,3,0,1,15,0
35024000,1678435475711000,401540304,1162593690,16186,16186,0.25,0.5,0.29999998,0.39999998,0.0,0.0,0,0,0.06,0.02,0.049999997,0.02,0.0,0,nan,nan,3,0,1,15,0
35124000,1678435475811000,401540306,1162593685,16149,16149,0.25,0.5,0.29999998,0.39999998,0.0,0.0,0,0,0.04,0.04,0.01,0.04,0.0,0,nan,nan,3,0,1,15,0
35225000,1678435475911000,401540305,1162593681,16180,16180,0.25,0.5,0.29999998,0.39999998,0.0,0.0,0,0,0.07,0.04,0.06,0.04,0.0,0,nan,nan,3,0,1,15,0
35325000,1678435476011000,401540309,1162593683,16250,16250,0.25,0.5,0.29999998,0.39999998,0.0,0.0,0,0,0.02,0.02,0.01,-0.03,0.0,0,nan,nan,3,0,1,15,0
35425000,1678435476111000,401540303,1162593684,16131,16131,0.25,0.5,0.29999998,0.39999998,0.0,0.0,0,0,0.04,0.03,0.03,0.0,0.0,0,nan,nan,3,0,1,15,0
35526000,1678435476211000,401540307,1162593691,16048,16048,0.25,0.5,0.29999998,0.39999998,0.0,0.0,0,0,0.06,0.06,-0.02,0.14,0.0,0,nan,nan,3,0,1,15,0
35626000,1678435476311000,401540306,1162593684,16220,16220,0.25,0.5,0.29999998,0.39999998,0.0,0.0,0,0,0.03,0.02,0.02,0.099999994,0.0,0,nan,nan,3,0,1,15,0
35726000,1678435476411000,401540307,1162593687,16064,16064,0.25,0.5,0.29999998,0.39999998,0.0,0.0,0,0,0.02,0.02,0.0,-0.02,0.0,0,nan,nan,3,0,1,15,0
35924000,1678435476611000,401540305,1162593689,16026,16026,0.25,0.5,0.29999998,0.39999998,0.0,0.0,0,0,0.03,0.02,-0.02,-0.04,0.0,0,nan,nan,3,0,1,15,0
36025000,1678435476711000,401540307,1162593684,16241,16241,0.25,0.5,0.29999998,0.39999998,0.0,0.0,0,0,0.04,-0.02,-0.03,-0.089999996,0.0,0,nan,nan,3,0,1,15,0
36126000,1678435476811000,401540303,1162593689,16087,16087,0.25,0.5,0.29999998,0.39999998,0.0,0.0,0,0,0.02,0.01,-0.02,-0.049999997,0.0,0,nan,nan,3,0,1,15,0
36325000,1678435477011000,401540299,1162593680,16134,16134,0.25,0.5,0.29999998,0.39999998,0.0,0.0,0,0,0.02,0.02,-0.02,0.01,0.0,0,nan,nan,3,0,1,15,0
36426000,1678435477111000,401540302,1162593685,16062,16062,0.25,0.5,0.29999998,0.39999998,0.0,0.0,0,0,0.01,0.01,0.0,-0.04,0.0,0,nan,nan,3,0,1,15,0
36526000,1678435477212000,401540303,1162593683,16045,16045,0.25,0.5,0.29999998,0.39999998,0.0,0.0,0,0,0.04,0.04,0.0,-0.04,0.0,0,nan,nan,3,0,1,15,0
36626000,1678435477312000,401540304,1162593682,16227,16227,0.25,0.5,0.29999998,0.39999998,0.0,0.0,0,0,0.02,-0.01,0.01,-0.04,0.0,0,nan,nan,3,0,1,15,0
36726000,1678435477412000,401540305,1162593683,16069,16069,0.25,0.5,0.29999998,0.39999998,0.0,0.0,0,0,0.02,-0.01,0.02,0.07,0.0,0,nan,nan,3,0,1,15,0
36827000,1678435477512000,401540309,1162593679,16054,16054,0.25,0.5,0.29999998,0.39999998,0.0,0.0,0,0,0.04,-0.04,0.01,-0.13,0.0,0,nan,nan,3,0,1,15,0
36924000,1678435477612000,401540309,1162593681,16269,16269,0.25,0.5,0.29999998,0.39999998,0.0,0.0,0,0,0.04,0.03,0.02,-0.08,0.0,0,nan,nan,3,0,1,15,0
37024000,1678435477712000,401540307,1162593685,16212,16212,0.25,0.5,0.29999998,0.39999998,0.0,0.0,0,0,0.049999997,0.02,-0.04,-0.12,0.0,0,nan,nan,3,0,1,15,0
37124000,1678435477812000,401540302,1162593681,16081,16081,0.25,0.5,0.29999998,0.39999998,0.0,0.0,0,0,0.02,-0.01,-0.02,-0.14,0.0,0,nan,nan,3,0,1,15,0
37224000,1678435477912000,401540306,1162593684,16268,16268,0.25,0.5,0.29999998,0.39999998,0.0,0.0,0,0,0.049999997,0.04,0.02,-0.14,0.0,0,nan,nan,3,0,1,15,0
37325000,1678435478012000,401540299,1162593680,16174,16174,0.25,0.5,0.29999998,0.39999998,0.0,0.0,0,0,0.02,0.02,-0.01,-0.03,0.0,0,nan,nan,3,0,1,15,0
37426000,1678435478112000,401540300,1162593689,16273,16273,0.25,0.5,0.29999998,0.39999998,0.0,0.0,0,0,0.03,0.01,0.03,0.02,0.0,0,nan,nan,3,0,1,15,0
37527000,1678435478212000,401540303,1162593682,16305,16305,0.25,0.5,0.29999998,0.39999998,0.0,0.0,0,0,0.04,0.03,0.02,-0.01,0.0,0,nan,nan,3,0,1,15,0
37627000,1678435478312000,401540305,1162593683,16193,16193,0.25,0.5,0.29999998,0.39999998,0.0,0.0,0,0,0.08,0.06,0.049999997,-0.08,0.0,0,nan,nan,3,0,1,15,0
37727000,1678435478412000,401540306,1162593682,16110,16110,0.25,0.5,0.29999998,0.39999998,0.0,0.0,0,0,0.099999994,0.07,0.07,0.01,0.0,0,nan,nan,3,0,1,15,0
37827000,1678435478512000,401540304,1162593686,16151,16151,0.25,0.5,0.29999998,0.39999998,0.0,0.0,0,0,0.06,0.049999997,0.02,0.0,0.0,0,nan,nan,3,0,1,15,0
38024000,1678435478712000,401540309,1162593693,16268,16268,0.25,0.5,0.29999998,0.39999998,0.0,0.0,0,0,0.11,0.11,0.0,0.08,0.0,0,nan,nan,3,0,1,15,0
38124000,1678435478812000,401540312,1162593692,16258,16258,0.25,0.5,0.29999998,0.39999998,0.0,0.0,0,0,0.099999994,0.089999996,-0.01,0.35,0.0,0,nan,nan,3,0,1,15,0
38225000,1678435478912000,401540305,1162593681,16170,16170,0.25,0.5,0.29999998,0.39999998,0.0,0.0,0,0,0.08,0.08,-0.02,0.45,0.0,0,nan,nan,3,0,1,15,0
38326000,1678435479012000,401540312,1162593687,16199,16199,0.25,0.5,0.29999998,0.39999998,0.0,0.0,0,0,0.08,0.08,-0.02,0.48999998,0.0,0,nan,nan,3,0,1,15,0
38427000,1678435479112000,401540316,1162593685,16001,16001,0.25,0.5,0.29999998,0.39999998,0.0,0.0,0,0,0.099999994,0.089999996,-0.04,0.59,0.0,0,nan,nan,3,0,1,15,0
38527000,1678435479212000,401540314,1162593686,15984,15984,0.25,0.5,0.29999998,0.39999998,0.0,0.0,0,0,0.08,0.06,-0.06,0.5,0.0,0,nan,nan,3,0,1,15,0
38627000,1678435479312000,401540310,1162593690,15977,15977,0.25,0.5,0.29999998,0.39999998,0.0,0.0,0,0,0.08,0.06,-0.049999997,0.29999998,0.0,0,nan,nan,3,0,1,15,0
38724000,1678435479412000,401540308,1162593684,15935,15935,0.25,0.5,0.29999998,0.39999998,0.0,0.0,0,0,0.07,0.02,-0.07,0.13,0.0,0,nan,nan,3,0,1,15,0
38825000,1678435479512000,401540307,1162593688,15909,15909,0.25,0.5,0.29999998,0.39999998,0.0,0.0,0,0,0.03,-0.02,-0.02,0.19999999,0.0,0,nan,nan,3,0,1,15,0
38925000,1678435479612000,401540307,1162593686,15846,15846,0.25,0.5,0.29999998,0.39999998,0.0,0.0,0,0,0.049999997,-0.02,0.049999997,0.14,0.0,0,nan,nan,3,0,1,15,0
39025000,1678435479712000,401540313,1162593683,15958,15958,0.25,0.5,0.29999998,0.39999998,0.0,0.0,0,0,0.06,-0.01,0.06,0.17,0.0,0,nan,nan,3,0,1,15,0
39126000,1678435479812000,401540315,1162593683,15910,15910,0.25,0.5,0.29999998,0.39999998,0.0,0.0,0,0,0.04,-0.03,0.02,0.19,0.0,0,nan,nan,3,0,1,15,0
39226000,1678435479912000,401540309,1162593686,15898,15898,0.25,0.5,0.29999998,0.39999998,0.0,0.0,0,0,0.06,-0.01,0.06,0.17,0.0,0,nan,nan,3,0,1,15,0
39326000,1678435480012000,401540317,1162593681,15742,15742,0.25,0.5,0.29999998,0.39999998,0.0,0.0,0,0,0.08,0.01,0.08,0.26999998,0.0,0,nan,nan,3,0,1,15,0
39426000,1678435480112000,401540310,1162593680,15879,15879,0.25,0.5,0.29999998,0.39999998,0.0,0.0,0,0,0.04,0.01,0.04,0.19999999,0.0,0,nan,nan,3,0,1,15,0
39526000,1678435480212000,401540307,1162593685,15784,15784,0.25,0.5,0.29999998,0.39999998,0.0,0.0,0,0,0.049999997,0.02,0.04,0.25,0.0,0,nan,nan,3,0,1,15,0
39626000,1678435480312000,401540315,1162593695,15712,15712,0.25,0.5,0.29999998,0.39999998,0.0,0.0,0,0,0.06,-0.03,0.049999997,0.26,0.0,0,nan,nan,3,0,1,15,0
39727000,1678435480412000,401540314,1162593684,15657,15657,0.25,0.5,0.29999998,0.39999998,0.0,0.0,0,0,0.04,0.0,0.04,0.44,0.0,0,nan,nan,3,0,1,15,0
39825000,1678435480512000,401540310,1162593690,15636,15636,0.25,0.5,0.29999998,0.39999998,0.0,0.0,0,0,0.03,-0.02,0.02,0.28,0.0,0,nan,nan,3,0,1,15,0
39926000,1678435480612000,401540307,1162593688,15698,15698,0.25,0.5,0.29999998,0.39999998,0.0,0.0,0,0,0.06,0.02,0.049999997,0.14,0.0,0,nan,nan,3,0,1,15,0
40027000,1678435480712000,401540307,1162593696,15662,15662,0.25,0.5,0.29999998,0.39999998,0.0,0.0,0,0,0.07,0.02,0.07,0.089999996,0.0,0,nan,nan,3,0,1,15,0
40127000,1678435480812000,401540309,1162593698,15573,15573,0.25,0.5,0.29999998,0.39999998,0.0,0.0,0,0,0.089999996,0.089999996,0.0,0.049999997,0.0,0,nan,nan,3,0,1,15,0
40224000,1678435480912000,401540310,1162593696,15705,15705,0.25,0.5,0.29999998,0.39999998,0.0,0.0,0,0,0.07,0.07,0.01,0.099999994,0.0,0,nan,nan,3,0,1,15,0
40325000,1678435481012000,401540311,1162593695,15553,15553,0.25,0.5,0.29999998,0.39999998,0.0,0.0,0,0,0.07,0.06,-0.02,0.08,0.0,0,nan,nan,3,0,1,15,0
40427000,1678435481113000,401540320,1162593686,15513,15513,0.25,0.5,0.29999998,0.39999998,0.0,0.0,0,0,0.11,0.11,0.01,0.14,0.0,0,nan,nan,3,0,1,15,0
40527000,1678435481213000,401540315,1162593696,15496,15496,0.25,0.5,0.29999998,0.39999998,0.0,0.0,0,0,0.14999999,0.14999999,0.0,0.12,0.0,0,nan,nan,3,0,1,15,0
40627000,1678435481313000,401540319,1162593694,15693,15693,0.25,0.5,0.29999998,0.39999998,0.0,0.0,0,0,0.14999999,0.14999999,0.0,0.04,0.0,0,nan,nan,3,0,1,15,0
40728000,1678435481413000,401540316,1162593694,15557,15557,0.25,0.5,0.29999998,0.39999998,0.0,0.0,0,0,0.17999999,0.17999999,0.0,-0.06,0.0,0,nan,nan,3,0,1,15,0
40825000,1678435481513000,401540325,1162593686,15576,15576,0.25,0.5,0.29999998,0.39999998,0.0,0.0,0,0,0.17999999,0.17,0.02,-0.17999999,0.0,0,nan,nan,3,0,1,15,0
40925000,1678435481613000,401540326,1162593692,15595,15595,0.25,0.5,0.29999998,0.39999998,0.0,0.0,0,0,0.14999999,0.14,0.049999997,-0.22999999,0.0,0,nan,nan,3,0,1,15,0
41027000,1678435481713000,401540322,1162593699,15737,15737,0.25,0.5,0.29999998,0.39999998,0.0,0.0,0,0,0.21,0.19,0.08,-0.26,0.0,0,nan,nan,3,0,1,15,0
41127000,1678435481813000,401540330,1162593699,15591,15591,0.25,0.5,0.29999998,0.39999998,0.0,0.0,0,0,0.24,0.22999999,0.07,-0.02,0.0,0,nan,nan,3,0,1,15,0
41225000,1678435481913000,401540331,1162593702,15594,15594,0.25,0.5,0.29999998,0.39999998,0.0,0.0,0,0,0.25,0.22999999,0.11,-0.08,0.0,0,nan,nan,3,0,1,15,0
41326000,1678435482013000,401540329,1162593699,15810,15810,0.25,0.5,0.29999998,0.39999998,0.0,0.0,0,0,0.19999999,0.14999999,0.14,-0.13,0.0,0,nan,nan,3,0,1,15,0
41427000,1678435482113000,401540328,1162593692,15700,15700,0.25,0.5,0.29999998,0.39999998,0.0,0.0,0,0,0.19,0.14999999,0.11,-0.14999999,0.0,0,nan,nan,3,0,1,15,0
41527000,1678435482213000,401540329,1162593696,15764,15764,0.25,0.5,0.29999998,0.39999998,0.0,0.0,0,0,0.17,0.11,0.13,-0.11,0.0,0,nan,nan,3,0,1,15,0
41627000,1678435482313000,401540336,1162593703,15774,15774,0.25,0.5,0.29999998,0.39999998,0.0,0.0,0,0,0.06,0.049999997,0.04,-0.11,0.0,0,nan,nan,3,0,1,15,0
41728000,1678435482415000,401540330,1162593708,15701,15701,0.25,0.5,0.29999998,0.39999998,0.0,0.0,0,0,0.07,0.049999997,0.04,-0.17999999,0.0,0,nan,nan,3,0,1,15,0
41830000,1678435482515000,401540327,1162593706,15836,15836,0.25,0.5,0.29999998,0.39999998,0.0,0.0,0,0,0.06,-0.06,0.01,-0.26999998,0.0,0,nan,nan,3,0,1,15,0
41928000,1678435482615000,401540332,1162593703,15839,15839,0.25,0.5,0.29999998,0.39999998,0.0,0.0,0,0,0.08,-0.08,0.0,-0.14,0.0,0,nan,nan,3,0,1,15,0
42028000,1678435482715000,401540330,1162593700,15718,15718,0.25,0.5,0.29999998,0.39999998,0.0,0.0,0,0,0.08,-0.08,0.01,-0.17,0.0,0,nan,nan,3,0,1,15,0
42129000,1678435482815000,401540331,1162593698,15806,15806,0.25,0.5,0.29999998,0.39999998,0.0,0.0,0,0,0.21,-0.21,-0.04,-0.14999999,0.0,0,nan,nan,3,0,1,15,0
42230000,1678435482915000,401540330,1162593698,15932,15932,0.25,0.5,0.29999998,0.39999998,0.0,0.0,0,0,0.19,-0.17,-0.07,-0.11,0.0,0,nan,nan,3,0,1,15,0
42328000,1678435483015000,401540328,1162593698,15894,15894,0.25,0.5,0.29999998,0.39999998,0.0,0.0,0,0,0.22999999,-0.22,-0.04,-0.16,0.0,0,nan,nan,3,0,1,15,0
42429000,1678435483115000,401540321,1162593695,15829,15829,0.25,0.5,0.29999998,0.39999998,0.0,0.0,0,0,0.28,-0.26,-0.08,-0.14999999,0.0,0,nan,nan,3,0,1,15,0
42529000,1678435483215000,401540317,1162593692,15932,15932,0.25,0.5,0.29999998,0.39999998,0.0,0.0,0,0,0.24,-0.22999999,-0.07,-0.04,0.0,0,nan,nan,3,0,1,15,0
42630000,1678435483315000,401540323,1162593695,15958,15958,0.25,0.5,0.29999998,0.39999998,0.0,0.0,0,0,0.29999998,-0.29,-0.08,-0.12,0.0,0,nan,nan,3,0,1,15,0
42727000,1678435483415000,401540321,1162593695,15955,15955,0.25,0.5,0.29999998,0.39999998,0.0,0.0,0,0,0.29999998,-0.29,-0.099999994,-0.07,0.0,0,nan,nan,3,0,1,15,0
42830000,1678435483515000,401540319,1162593693,15925,15925,0.25,0.5,0.29999998,0.39999998,0.0,0.0,0,0,0.29999998,-0.26999998,-0.13,-0.14999999,0.0,0,nan,nan,3,0,1,15,0
42927000,1678435483615000,401540313,1162593687,15839,15839,0.25,0.5,0.29999998,0.39999998,0.0,0.0,0,0,0.31,-0.28,-0.12,-0.12,0.0,0,nan,nan,3,0,1,15,0
43029000,1678435483715000,401540309,1162593691,16010,16010,0.25,0.5,0.29999998,0.39999998,0.0,0.0,0,0,0.29999998,-0.28,-0.12,-0.14999999,0.0,0,nan,nan,3,0,1,15,0
43127000,1678435483815000,401540302,1162593687,15947,15947,0.25,0.5,0.29999998,0.39999998,0.0,0.0,0,0,0.29999998,-0.26,-0.14999999,-0.099999994,0.0,0,nan,nan,3,0,1,15,0
43228000,1678435483915000,401540300,1162593686,16038,16038,0.25,0.5,0.29999998,0.39999998,0.0,0.0,0,0,0.35,-0.31,-0.16,-0.03,0.0,0,nan,nan,3,0,1,15,0
43328000,1678435484015000,401540299,1162593693,16001,16001,0.25,0.5,0.29999998,0.39999998,0.0,0.0,0,0,0.32999998,-0.29999998,-0.14,-0.07,0.0,0,nan,nan,3,0,1,15,0
43429000,1678435484115000,401540302,1162593686,16040,16040,0.25,0.5,0.29999998,0.39999998,0.0,0.0,0,0,0.34,-0.31,-0.14,-0.11,0.0,0,nan,nan,3,0,1,15,0
43530000,1678435484215000,401540300,1162593682,16077,16077,0.25,0.5,0.29999998,0.39999998,0.0,0.0,0,0,0.32999998,-0.28,-0.16,-0.11,0.0,0,nan,nan,3,0,1,15,0
43630000,1678435484315000,401540294,1162593685,15987,15987,0.25,0.5,0.29999998,0.39999998,0.0,0.0,0,0,0.29,-0.24,-0.16,-0.11,0.0,0,nan,nan,3,0,1,15,0
43727000,1678435484415000,401540288,1162593683,16077,16077,0.25,0.5,0.29999998,0.39999998,0.0,0.0,0,0,0.26,-0.22,-0.14999999,-0.03,0.0,0,nan,nan,3,0,1,15,0
43828000,1678435484515000,401540293,1162593677,15958,15958,0.25,0.5,0.29999998,0.39999998,0.0,0.0,0,0,0.21,-0.17999999,-0.12,-0.04,0.0,0,nan,nan,3,0,1,15,0
43928000,1678435484615000,401540290,1162593674,16103,16103,0.25,0.5,0.29999998,0.39999998,0.0,0.0,0,0,0.24,-0.19999999,-0.13,-0.12,0.0,0,nan,nan,3,0,1,15,0
44030000,1678435484715000,401540284,1162593684,15967,15967,0.25,0.5,0.29999998,0.39999998,0.0,0.0,0,0,0.22,-0.19999999,-0.089999996,-0.12,0.0,0,nan,nan,3,0,1,15,0
44127000,1678435484815000,401540285,1162593677,16082,16082,0.25,0.5,0.29999998,0.39999998,0.0,0.0,0,0,0.22,-0.17,-0.13,-0.07,0.0,0,nan,nan,3,0,1,15,0
44227000,1678435484915000,401540283,1162593675,16079,16079,0.25,0.5,0.29999998,0.39999998,0.0,0.0,0,0,0.22,-0.17999999,-0.13,-0.11,0.0,0,nan,nan,3,0,1,15,0
44328000,1678435485015000,401540280,1162593671,16031,16031,0.25,0.5,0.29999998,0.39999998,0.0,0.0,0,0,0.21,-0.13,-0.16,-0.099999994,0.0,0,nan,nan,3,0,1,15,0
44430000,1678435485115000,401540284,1162593671,16215,16215,0.25,0.5,0.29999998,0.39999998,0.0,0.0,0,0,0.16,-0.12,-0.099999994,-0.14,0.0,0,nan,nan,3,0,1,15,0
44530000,1678435485215000,401540275,1162593667,16038,16038,0.25,0.5,0.29999998,0.39999998,0.0,0.0,0,0,0.12,-0.099999994,-0.07,-0.19999999,0.0,0,nan,nan,3,0,1,15,0
44628000,1678435485315000,401540278,1162593675,16233,16233,0.25,0.5,0.29999998,0.39999998,0.0,0.0,0,0,0.11,-0.07,-0.08,-0.17,0.0,0,nan,nan,3,0,1,15,0
44729000,1678435485415000,401540274,1162593675,16254,16254,0.25,0.5,0.29999998,0.39999998,0.0,0.0,0,0,0.08,-0.049999997,-0.07,-0.14,0.0,0,nan,nan,3,0,1,15,0
44830000,1678435485515000,401540277,1162593673,16147,16147,0.25,0.5,0.29999998,0.39999998,0.0,0.0,0,0,0.049999997,-0.03,-0.04,-0.099999994,0.0,0,nan,nan,3,0,1,15,0
44928000,1678435485615000,401540274,1162593668,16091,16091,0.25,0.5,0.29999998,0.39999998,0.0,0.0,0,0,0.03,-0.03,0.02,0.06,0.0,0,nan,nan,3,0,1,15,0
45029000,1678435485715000,401540272,1162593670,16055,16055,0.25,0.5,0.29999998,0.39999998,0.0,0.0,0,0,0.03,-0.01,-0.03,-0.02,0.0,0,nan,nan,3,0,1,15,0
45130000,1678435485815000,401540279,1162593664,16123,16123,0.25,0.5,0.29999998,0.39999998,0.0,0.0,0,0,0.02,-0.02,-0.01,-0.02,0.0,0,nan,nan,3,0,1,15,0
45227000,1678435485915000,401540279,1162593674,16169,16169,0.25,0.5,0.29999998,0.39999998,0.0,0.0,0,0,0.049999997,-0.049999997,0.02,-0.01,0.0,0,nan,nan,3,0,1,15,0
45327000,1678435486015000,401540271,1162593674,16058,16058,0.25,0.5,0.29999998,0.39999998,0.0,0.0,0,0,0.01,-0.01,0.0,-0.089999996,0.0,0,nan,nan,3,0,1,15,0
45428000,1678435486115000,401540271,1162593669,16128,16128,0.25,0.5,0.29999998,0.39999998,0.0,0.0,0,0,0.01,-0.01,0.0,-0.01,0.0,0,nan,nan,3,0,1,15,0
45528000,1678435486215000,401540274,1162593675,16288,16288,0.25,0.5,0.29999998,0.39999998,0.0,0.0,0,0,0.04,-0.04,-0.01,0.0,0.0,0,nan,nan,3,0,1,15,0
45630000,1678435486315000,401540276,1162593669,16114,16114,0.25,0.5,0.29999998,0.39999998,0.0,0.0,0,0,0.02,0.01,0.01,0.08,0.0,0,nan,nan,3,0,1,15,0
45728000,1678435486415000,401540281,1162593676,16090,16090,0.25,0.5,0.29999998,0.39999998,0.0,0.0,0,0,0.02,0.02,0.0,0.03,0.0,0,nan,nan,3,0,1,15,0
45828000,1678435486515000,401540278,1162593668,16285,16285,0.25,0.5,0.29999998,0.39999998,0.0,0.0,0,0,0.049999997,0.049999997,0.0,-0.06,0.0,0,nan,nan,3,0,1,15,0
45928000,1678435486615000,401540275,1162593667,16099,16099,0.25,0.5,0.29999998,0.39999998,0.0,0.0,0,0,0.03,0.02,-0.02,0.04,0.0,0,nan,nan,3,0,1,15,0
46029000,1678435486715000,401540278,1162593675,16102,16102,0.25,0.5,0.29999998,0.39999998,0.0,0.0,0,0,0.04,0.04,0.0,-0.089999996,0.0,0,nan,nan,3,0,1,15,0
46129000,1678435486815000,401540278,1162593676,16155,16155,0.25,0.5,0.29999998,0.39999998,0.0,0.0,0,0,0.089999996,0.08,-0.02,-0.01,0.0,0,nan,nan,3,0,1,15,0
46229000,1678435486915000,401540277,1162593664,16211,16211,0.25,0.5,0.29999998,0.39999998,0.0,0.0,0,0,0.07,0.06,0.02,0.02,0.0,0,nan,nan,3,0,1,15,0
46330000,1678435487015000,401540278,1162593669,16081,16081,0.25,0.5,0.29999998,0.39999998,0.0,0.0,0,0,0.099999994,0.099999994,-0.03,-0.089999996,0.0,0,nan,nan,3,0,1,15,0
46427000,1678435487115000,401540282,1162593674,16141,16141,0.25,0.5,0.29999998,0.39999998,0.0,0.0,0,0,0.099999994,0.099999994,0.0,0.0,0.0,0,nan,nan,3,0,1,15,0
46527000,1678435487215000,401540277,1162593673,16174,16174,0.25,0.5,0.29999998,0.39999998,0.0,0.0,0,0,0.099999994,0.089999996,-0.03,0.02,0.0,0,nan,nan,3,0,1,15,0
46628000,1678435487315000,401540281,1162593670,16214,16214,0.25,0.5,0.29999998,0.39999998,0.0,0.0,0,0,0.099999994,0.099999994,0.0,0.06,0.0,0,nan,nan,3,0,1,15,0
46730000,1678435487415000,401540285,1162593674,16154,16154,0.25,0.5,0.29999998,0.39999998,0.0,0.0,0,0,0.049999997,0.04,-0.02,0.07,0.0,0,nan,nan,3,0,1,15,0
46830000,1678435487515000,401540288,1162593674,16166,16166,0.25,0.5,0.29999998,0.39999998,0.0,0.0,0,0,0.11,0.11,-0.04,0.07,0.0,0,nan,nan,3,0,1,15,0
46928000,1678435487615000,401540288,1162593667,16065,16065,0.25,0.5,0.29999998,0.39999998,0.0,0.0,0,0,0.08,0.08,0.0,-0.04,0.0,0,nan,nan,3,0,1,15,0
47028000,1678435487715000,401540287,1162593668,16186,16186,0.25,0.5,0.29999998,0.39999998,0.0,0.0,0,0,0.12,0.11,-0.049999997,0.01,0.0,0,nan,nan,3,0,1,15,0
47128000,1678435487815000,401540288,1162593669,16073,16073,0.25,0.5,0.29999998,0.39999998,0.0,0.0,0,0,0.07,0.07,0.01,0.04,0.0,0,nan,nan,3,0,1,15,0
47228000,1678435487915000,401540288,1162593662,16073,16073,0.25,0.5,0.29999998,0.39999998,0.0,0.0,0,0,0.08,0.08,0.0,0.02,0.0,0,nan,nan,3,0,1,15,0
47328000,1678435488015000,401540292,1162593662,16163,16163,0.25,0.5,0.29999998,0.39999998,0.0,0.0,0,0,0.13,0.12,0.02,0.04,0.0,0,nan,nan,3,0,1,15,0
47428000,1678435488115000,401540287,1162593665,16287,16287,0.25,0.5,0.29999998,0.39999998,0.0,0.0,0,0,0.08,0.08,0.0,-0.01,0.0,0,nan,nan,3,0,1,15,0
47528000,1678435488215000,401540289,1162593672,16102,16102,0.25,0.5,0.29999998,0.39999998,0.0,0.0,0,0,0.089999996,0.089999996,-0.01,-0.01,0.0,0,nan,nan,3,0,1,15,0
47628000,1678435488315000,401540293,1162593664,16285,16285,0.25,0.5,0.29999998,0.39999998,0.0,0.0,0,0,0.099999994,0.099999994,0.0,-0.04,0.0,0,nan,nan,3,0,1,15,0
47728000,1678435488415000,401540290,1162593661,16067,16067,0.25,0.5,0.29999998,0.39999998,0.0,0.0,0,0,0.07,0.07,-0.01,0.0,0.0,0,nan,nan,3,0,1,15,0
47828000,1678435488515000,401540288,1162593672,16128,16128,0.25,0.5,0.29999998,0.39999998,0.0,0.0,0,0,0.08,0.04,0.07,-0.04,0.0,0,nan,nan,3,0,1,15,0
47928000,1678435488615000,401540286,1162593668,16288,16288,0.25,0.5,0.29999998,0.39999998,0.0,0.0,0,0,0.07,0.07,0.02,0.11,0.0,0,nan,nan,3,0,1,15,0
48028000,1678435488715000,401540287,1162593664,16297,16297,0.25,0.5,0.29999998,0.39999998,0.0,0.0,0,0,0.049999997,0.04,0.03,0.0,0.0,0,nan,nan,3,0,1,15,0
48128000,1678435488815000,401540296,1162593671,16260,16260,0.25,0.5,0.29999998,0.39999998,0.0,0.0,0,0,0.03,0.03,0.01,-0.04,0.0,0,nan,nan,3,0,1,15,0
48229000,1678435488915000,401540291,1162593669,16079,16079,0.25,0.5,0.29999998,0.39999998,0.0,0.0,0,0,0.04,-0.01,0.04,-0.04,0.0,0,nan,nan,3,0,1,15,0
48330000,1678435489015000,401540289,1162593663,16208,16208,0.25,0.5,0.29999998,0.39999998,0.0,0.0,0,0,0.01,0.0,0.0,-0.049999997,0.0,0,nan,nan,3,0,1,15,0
48427000,1678435489115000,401540294,1162593673,16300,16300,0.25,0.5,0.29999998,0.39999998,0.0,0.0,0,0,0.049999997,-0.01,0.049999997,0.01,0.0,0,nan,nan,3,0,1,15,0
48528000,1678435489215000,401540293,1162593674,16126,16126,0.25,0.5,0.29999998,0.39999998,0.0,0.0,0,0,0.06,0.03,0.049999997,0.02,0.0,0,nan,nan,3,0,1,15,0
48628000,1678435489315000,401540295,1162593674,16076,16076,0.25,0.5,0.29999998,0.39999998,0.0,0.0,0,0,0.12,0.099999994,0.06,0.02,0.0,0,nan,nan,3,0,1,15,0
48728000,1678435489415000,401540299,1162593671,16193,16193,0.25,0.5,0.29999998,0.39999998,0.0,0.0,0,0,0.08,0.06,0.049999997,0.06,0.0,0,nan,nan,3,0,1,15,0
48829000,1678435489515000,401540298,1162593670,16247,16247,0.25,0.5,0.29999998,0.39999998,0.0,0.0,0,0,0.089999996,0.07,0.049999997,0.07,0.0,0,nan,nan,3,0,1,15,0
48929000,1678435489615000,401540294,1162593673,16205,16205,0.25,0.5,0.29999998,0.39999998,0.0,0.0,0,0,0.06,0.06,0.01,0.089999996,0.0,0,nan,nan,3,0,1,15,0
49029000,1678435489715000,401540293,1162593671,16144,16144,0.25,0.5,0.29999998,0.39999998,0.0,0.0,0,0,0.06,0.02,0.049999997,0.04,0.0,0,nan,nan,3,0,1,15,0
49130000,1678435489815000,401540297,1162593681,16257,16257,0.25,0.5,0.29999998,0.39999998,0.0,0.0,0,0,0.089999996,0.08,0.03,-0.01,0.0,0,nan,nan,3,0,1,15,0
49230000,1678435489915000,401540296,1162593675,16114,16114,0.25,0.5,0.29999998,0.39999998,0.0,0.0,0,0,0.099999994,0.08,0.06,-0.03,0.0,0,nan,nan,3,0,1,15,0
49330000,1678435490015000,401540300,1162593681,16229,16229,0.25,0.5,0.29999998,0.39999998,0.0,0.0,0,0,0.13,0.11,0.06,0.01,0.0,0,nan,nan,3,0,1,15,0
49427000,1678435490115000,401540299,1162593679,16170,16170,0.25,0.5,0.29999998,0.39999998,0.0,0.0,0,0,0.12,0.089999996,0.08,0.01,0.0,0,nan,nan,3,0,1,15,0
49527000,1678435490215000,401540300,1162593678,16098,16098,0.25,0.5,0.29999998,0.39999998,0.0,0.0,0,0,0.089999996,0.08,0.04,-0.07,0.0,0,nan,nan,3,0,1,15,0
49628000,1678435490315000,401540295,1162593679,16186,16186,0.25,0.5,0.29999998,0.39999998,0.0,0.0,0,0,0.089999996,0.07,0.04,0.06,0.0,0,nan,nan,3,0,1,15,0
49729000,1678435490415000,401540300,1162593683,16249,16249,0.25,0.5,0.29999998,0.39999998,0.0,0.0,0,0,0.13,0.11,0.07,0.03,0.0,0,nan,nan,3,0,1,15,0
49830000,1678435490515000,401540302,1162593679,16261,16261,0.25,0.5,0.29999998,0.39999998,0.0,0.0,0,0,0.099999994,0.099999994,0.02,0.049999997,0.0,0,nan,nan,3,0,1,15,0
49927000,1678435490615000,401540298,1162593681,16111,16111,0.25,0.5,0.29999998,0.39999998,0.0,0.0,0,0,0.12,0.06,0.099999994,0.04,0.0,0,nan,nan,3,0,1,15,0
50028000,1678435490715000,401540298,1162593676,16193,16193,0.25,0.5,0.29999998,0.39999998,0.0,0.0,0,0,0.08,0.07,0.04,-0.06,0.0,0,nan,nan,3,0,1,15,0
50128000,1678435490815000,401540300,1162593685,16116,16116,0.25,0.5,0.29999998,0.39999998,0.0,0.0,0,0,0.04,0.04,0.02,0.04,0.0,0,nan,nan,3,0,1,15,0
50230000,1678435490915000,401540301,1162593676,16163,16163,0.25,0.5,0.29999998,0.39999998,0.0,0.0,0,0,0.07,0.049999997,0.049999997,-0.049999997,0.0,0,nan,nan,3,0,1,15,0
50330000,1678435491015000,401540303,1162593687,16186,16186,0.25,0.5,0.29999998,0.39999998,0.0,0.0,0,0,0.049999997,0.049999997,-0.02,-0.049999997,0.0,0,nan,nan,3,0,1,15,0
50427000,1678435491115000,401540307,1162593683,16197,16197,0.25,0.5,0.29999998,0.39999998,0.0,0.0,0,0,0.08,0.07,0.04,-0.07,0.0,0,nan,nan,3,0,1,15,0
50527000,1678435491215000,401540301,1162593677,16259,16259,0.25,0.5,0.29999998,0.39999998,0.0,0.0,0,0,0.099999994,0.06,0.07,-0.03,0.0,0,nan,nan,3,0,1,15,0
50629000,1678435491315000,401540305,1162593679,16099,16099,0.25,0.5,0.29999998,0.39999998,0.0,0.0,0,0,0.089999996,0.07,0.049999997,0.03,0.0,0,nan,nan,3,0,1,15,0
50729000,1678435491415000,401540310,1162593681,16275,16275,0.25,0.5,0.29999998,0.39999998,0.0,0.0,0,0,0.03,0.03,0.01,0.02,0.0,0,nan,nan,3,0,1,15,0
50829000,1678435491515000,401540305,1162593681,16159,16159,0.25,0.5,0.29999998,0.39999998,0.0,0.0,0,0,0.04,0.04,0.01,0.06,0.0,0,nan,nan,3,0,1,15,0
50926000,1678435491615000,401540304,1162593678,16241,16241,0.25,0.5,0.29999998,0.39999998,0.0,0.0,0,0,0.04,0.04,0.01,0.07,0.0,0,nan,nan,3,0,1,15,0
51028000,1678435491715000,401540308,1162593687,16213,16213,0.25,0.5,0.29999998,0.39999998,0.0,0.0,0,0,0.07,0.07,0.01,-0.04,0.0,0,nan,nan,3,0,1,15,0
51128000,1678435491815000,401540305,1162593681,16210,16210,0.25,0.5,0.29999998,0.39999998,0.0,0.0,0,0,0.04,0.04,-0.01,-0.04,0.0,0,nan,nan,3,0,1,15,0
51228000,1678435491915000,401540307,1162593680,16188,16188,0.25,0.5,0.29999998,0.39999998,0.0,0.0,0,0,0.03,0.02,-0.02,0.089999996,0.0,0,nan,nan,3,0,1,15,0
51328000,1678435492015000,401540304,1162593681,16134,16134,0.25,0.5,0.29999998,0.39999998,0.0,0.0,0,0,0.049999997,0.04,0.02,0.06,0.0,0,nan,nan,3,0,1,15,0
51430000,1678435492115000,401540312,1162593689,16070,16070,0.25,0.5,0.29999998,0.39999998,0.0,0.0,0,0,0.049999997,0.04,0.03,0.06,0.0,0,nan,nan,3,0,1,15,0
51530000,1678435492215000,401540306,1162593686,16110,16110,0.25,0.5,0.29999998,0.39999998,0.0,0.0,0,0,0.03,0.0,0.03,-0.06,0.0,0,nan,nan,3,0,1,15,0
51627000,1678435492315000,401540310,1162593682,16150,16150,0.25,0.5,0.29999998,0.39999998,0.0,0.0,0,0,0.04,0.02,0.03,0.03,0.0,0,nan,nan,3,0,1,15,0
51730000,1678435492415000,401540313,1162593683,16216,16216,0.25,0.5,0.29999998,0.39999998,0.0,0.0,0,0,0.06,0.04,0.04,-0.02,0.0,0,nan,nan,3,0,1,15,0
51829000,1678435492515000,401540310,1162593681,16131,16131,0.25,0.5,0.29999998,0.39999998,0.0,0.0,0,0,0.049999997,-0.01,0.049999997,-0.07,0.0,0,nan,nan,3,0,1,15,0
51930000,1678435492615000,401540308,1162593680,16084,16084,0.25,0.5,0.29999998,0.39999998,0.0,0.0,0,0,0.04,0.04,0.02,0.0,0.0,0,nan,nan,3,0,1,15,0
52027000,1678435492715000,401540315,1162593688,16093,16093,0.25,0.5,0.29999998,0.39999998,0.0,0.0,0,0,0.02,0.01,0.02,-0.01,0.0,0,nan,nan,3,0,1,15,0
52129000,1678435492815000,401540309,1162593683,16090,16090,0.25,0.5,0.29999998,0.39999998,0.0,0.0,0,0,0.06,-0.06,0.02,0.099999994,0.0,0,nan,nan,3,0,1,15,0
52229000,1678435492915000,401540311,1162593691,16254,16254,0.25,0.5,0.29999998,0.39999998,0.0,0.0,0,0,0.099999994,-0.099999994,-0.01,-0.01,0.0,0,nan,nan,3,0,1,15,0
52330000,1678435493015000,401540304,1162593690,16116,16116,0.25,0.5,0.29999998,0.39999998,0.0,0.0,0,0,0.19999999,-0.19999999,-0.03,-0.07,0.0,0,nan,nan,3,0,1,15,0
52428000,1678435493115000,401540299,1162593684,16241,16241,0.25,0.5,0.29999998,0.39999998,0.0,0.0,0,0,0.45999998,-0.45999998,-0.03,0.06,0.0,0,nan,nan,3,0,1,15,0
52528000,1678435493215000,401540295,1162593691,16164,16164,0.25,0.5,0.29999998,0.39999998,0.0,0.0,0,0,0.66999996,-0.66999996,-0.099999994,-0.049999997,0.0,0,nan,nan,3,0,1,15,0
52629000,1678435493315000,401540297,1162593683,16043,16043,0.25,0.5,0.29999998,0.39999998,0.0,0.0,0,0,0.98999995,-0.96999997,-0.19,-0.089999996,0.0,0,nan,nan,3,0,1,15,0
52730000,1678435493415000,401540285,1162593678,16244,16244,0.25,0.5,0.29999998,0.39999998,0.0,0.0,0,0,1.22,-1.18,-0.29999998,-0.11,3.3869858,0,nan,nan,3,0,1,15,0
52827000,1678435493515000,401540265,1162593681,16160,16160,0.25,0.5,0.29999998,0.39999998,0.0,0.0,0,0,1.49,-1.4599999,-0.28,-0.24,3.334277,0,nan,nan,3,0,1,15,0
52927000,1678435493615000,401540261,1162593676,16283,16283,0.25,0.5,0.29999998,0.39999998,0.0,0.0,0,0,1.65,-1.61,-0.35999998,-0.13,3.3623767,0,nan,nan,3,0,1,15,0
53027000,1678435493715000,401540240,1162593670,16265,16265,0.25,0.5,0.29999998,0.39999998,0.0,0.0,0,0,1.77,-1.7099999,-0.42999998,-0.19,3.3861132,0,nan,nan,3,0,1,15,0
53127000,1678435493815000,401540228,1162593658,16137,16137,0.25,0.5,0.29999998,0.39999998,0.0,0.0,0,0,1.8199999,-1.77,-0.39999998,-0.17999999,3.3623767,0,nan,nan,3,0,1,15,0
53227000,1678435493915000,401540207,1162593657,16160,16160,0.25,0.5,0.29999998,0.39999998,0.0,0.0,0,0,1.76,-1.7199999,-0.38,-0.19999999,3.3580134,0,nan,nan,3,0,1,15,0
53329000,1678435494015000,401540198,1162593660,16296,16296,0.25,0.5,0.29999998,0.39999998,0.0,0.0,0,0,1.6899999,-1.65,-0.38,-0.08,3.3688343,0,nan,nan,3,0,1,15,0
53427000,1678435494115000,401540179,1162593645,16365,16365,0.25,0.5,0.29999998,0.39999998,0.0,0.0,0,0,1.62,-1.56,-0.44,-0.06,3.416482,0,nan,nan,3,0,1,15,0
53528000,1678435494215000,401540168,1162593648,16184,16184,0.25,0.5,0.29999998,0.39999998,0.0,0.0,0,0,1.41,-1.36,-0.38,-0.14,3.4147365,0,nan,nan,3,0,1,15,0
53628000,1678435494315000,401540159,1162593641,16160,16160,0.25,0.5,0.29999998,0.39999998,0.0,0.0,0,0,1.23,-1.1999999,-0.29,-0.049999997,3.3775609,0,nan,nan,3,0,1,15,0
53728000,1678435494415000,401540142,1162593638,16237,16237,0.25,0.5,0.29999998,0.39999998,0.0,0.0,0,0,1.16,-1.12,-0.28,-0.03,3.3862877,0,nan,nan,3,0,1,15,0
53828000,1678435494515000,401540133,1162593636,16372,16372,0.25,0.5,0.29999998,0.39999998,0.0,0.0,0,0,0.97999996,-0.94,-0.29,-0.02,0.0,0,nan,nan,3,0,1,15,0
53928000,1678435494615000,401540126,1162593634,16386,16386,0.25,0.5,0.29999998,0.39999998,0.0,0.0,0,0,0.84,-0.81,-0.22,0.0,0.0,0,nan,nan,3,0,1,15,0
54028000,1678435494715000,401540115,1162593633,16353,16353,0.25,0.5,0.29999998,0.39999998,0.0,0.0,0,0,0.74,-0.7,-0.25,0.03,0.0,0,nan,nan,3,0,1,15,0
54129000,1678435494815000,401540110,1162593629,16172,16172,0.25,0.5,0.29999998,0.39999998,0.0,0.0,0,0,0.58,-0.48999998,-0.32,0.0,0.0,0,nan,nan,3,0,1,15,0
54230000,1678435494915000,401540109,1162593627,16195,16195,0.25,0.5,0.29999998,0.39999998,0.0,0.0,0,0,0.48,-0.25,-0.41,0.12,0.0,0,nan,nan,3,0,1,15,0
54328000,1678435495015000,401540106,1162593617,16199,16199,0.25,0.5,0.29999998,0.39999998,0.0,0.0,0,0,0.45999998,-0.07,-0.45,0.13,0.0,0,nan,nan,3,0,1,15,0
54428000,1678435495115000,401540106,1162593613,16345,16345,0.25,0.5,0.29999998,0.39999998,0.0,0.0,0,0,0.52,0.07,-0.52,0.14,0.0,0,nan,nan,3,0,1,15,0
54528000,1678435495215000,401540110,1162593609,16233,16233,0.25,0.5,0.29999998,0.39999998,0.0,0.0,0,0,0.53999996,0.14,-0.52,0.17999999,0.0,0,nan,nan,3,0,1,15,0
54629000,1678435495315000,401540112,1162593598,16312,16312,0.25,0.5,0.29999998,0.39999998,0.0,0.0,0,0,0.53,0.26,-0.45999998,0.19,0.0,0,nan,nan,3,0,1,15,0
54727000,1678435495415000,401540112,1162593590,16307,16307,0.25,0.5,0.29999998,0.39999998,0.0,0.0,0,0,0.56,0.32,-0.45999998,0.099999994,0.0,0,nan,nan,3,0,1,15,0
54828000,1678435495515000,401540121,1162593591,16150,16150,0.25,0.5,0.29999998,0.39999998,0.0,0.0,0,0,0.55,0.38,-0.39999998,0.08,0.0,0,nan,nan,3,0,1,15,0
54929000,1678435495615000,401540119,1162593577,16230,16230,0.25,0.5,0.29999998,0.39999998,0.0,0.0,0,0,0.52,0.44,-0.26999998,0.08,0.0,0,nan,nan,3,0,1,15,0
55030000,1678435495715000,401540126,1162593585,16107,16107,0.25,0.5,0.29999998,0.39999998,0.0,0.0,0,0,0.52,0.44,-0.26,0.12,0.0,0,nan,nan,3,0,1,15,0
55127000,1678435495815000,401540126,1162593575,16153,16153,0.25,0.5,0.29999998,0.39999998,0.0,0.0,0,0,0.51,0.48,-0.17999999,0.08,0.0,0,nan,nan,3,0,1,15,0
55227000,1678435495915000,401540139,1162593576,16090,16090,0.25,0.5,0.29999998,0.39999998,0.0,0.0,0,0,0.53,0.52,-0.12,0.11,0.0,0,nan,nan,3,0,1,15,0
55328000,1678435496015000,401540144,1162593578,16145,16145,0.25,0.5,0.29999998,0.39999998,0.0,0.0,0,0,0.55,0.53999996,-0.12,0.03,0.0,0,nan,nan,3,0,1,15,0
55430000,1678435496115000,401540148,1162593568,16103,16103,0.25,0.5,0.29999998,0.39999998,0.0,0.0,0,0,0.53999996,0.53,-0.089999996,0.11,0.0,0,nan,nan,3,0,1,15,0
55530000,1678435496215000,401540146,1162593577,16148,16148,0.25,0.5,0.29999998,0.39999998,0.0,0.0,0,0,0.52,0.52,-0.02,0.12,0.0,0,nan,nan,3,0,1,15,0
55628000,1678435496315000,401540152,1162593573,16054,16054,0.25,0.5,0.29999998,0.39999998,0.0,0.0,0,0,0.53,0.53,0.02,0.08,0.0,0,nan,nan,3,0,1,15,0
55728000,1678435496415000,401540160,1162593567,16141,16141,0.25,0.5,0.29999998,0.39999998,0.0,0.0,0,0,0.47,0.47,0.04,0.04,0.0,0,nan,nan,3,0,1,15,0
55828000,1678435496515000,401540164,1162593571,16225,16225,0.25,0.5,0.29999998,0.39999998,0.0,0.0,0,0,0.5,0.5,0.049999997,0.08,0.0,0,nan,nan,3,0,1,15,0
55928000,1678435496615000,401540169,1162593567,16135,16135,0.25,0.5,0.29999998,0.39999998,0.0,0.0,0,0,0.48999998,0.48,0.089999996,0.01,0.0,0,nan,nan,3,0,1,15,0
56028000,1678435496715000,401540166,1162593577,16166,16166,0.25,0.5,0.29999998,0.39999998,0.0,0.0,0,0,0.39999998,0.39,0.06,-0.01,0.0,0,nan,nan,3,0,1,15,0
56129000,1678435496815000,401540173,1162593581,16076,16076,0.25,0.5,0.29999998,0.39999998,0.0,0.0,0,0,0.39,0.39,0.07,0.01,0.0,0,nan,nan,3,0,1,15,0
56229000,1678435496915000,401540176,1162593582,16062,16062,0.25,0.5,0.29999998,0.39999998,0.0,0.0,0,0,0.42,0.41,0.06,0.04,0.0,0,nan,nan,3,0,1,15,0
56330000,1678435497015000,401540181,1162593572,16091,16091,0.25,0.5,0.29999998,0.39999998,0.0,0.0,0,0,0.42999998,0.42,0.06,0.03,0.0,0,nan,nan,3,0,1,15,0
56427000,1678435497115000,401540183,1162593584,16018,16018,0.25,0.5,0.29999998,0.39999998,0.0,0.0,0,0,0.42999998,0.42999998,0.03,0.049999997,0.0,0,nan,nan,3,0,1,15,0
56527000,1678435497215000,401540186,1162593577,16208,16208,0.25,0.5,0.29999998,0.39999998,0.0,0.0,0,0,0.47,0.47,0.01,0.12,0.0,0,nan,nan,3,0,1,15,0
56628000,1678435497315000,401540195,1162593572,16122,16122,0.25,0.5,0.29999998,0.39999998,0.0,0.0,0,0,0.48999998,0.48999998,-0.03,-0.04,0.0,0,nan,nan,3,0,1,15,0
56728000,1678435497415000,401540203,1162593584,16045,16045,0.25,0.5,0.29999998,0.39999998,0.0,0.0,0,0,0.51,0.51,0.0,0.089999996,0.0,0,nan,nan,3,0,1,15,0
56830000,1678435497515000,401540203,1162593577,16200,16200,0.25,0.5,0.29999998,0.39999998,0.0,0.0,0,0,0.56,0.56,0.07,0.12,0.0,0,nan,nan,3,0,1,15,0
56927000,1678435497615000,401540214,1162593577,16019,16019,0.25,0.5,0.29999998,0.39999998,0.0,0.0,0,0,0.59,0.58,0.12,0.04,0.0,0,nan,nan,3,0,1,15,0
57027000,1678435497715000,401540221,1162593579,16076,16076,0.25,0.5,0.29999998,0.39999998,0.0,0.0,0,0,0.63,0.61,0.14999999,0.04,0.0,0,nan,nan,3,0,1,15,0
57127000,1678435497815000,401540220,1162593578,16105,16105,0.25,0.5,0.29999998,0.39999998,0.0,0.0,0,0,0.62,0.59,0.19,0.089999996,0.0,0,nan,nan,3,0,1,15,0
57227000,1678435497915000,401540229,1162593591,15988,15988,0.25,0.5,0.29999998,0.39999998,0.0,0.0,0,0,0.65999997,0.62,0.21,0.089999996,0.0,0,nan,nan,3,0,1,15,0
57327000,1678435498015000,401540238,1162593592,16132,16132,0.25,0.5,0.29999998,0.39999998,0.0,0.0,0,0,0.72999996,0.69,0.22999999,0.04,0.0,0,nan,nan,3,0,1,15,0
57427000,1678435498115000,401540237,1162593585,16074,16074,0.25,0.5,0.29999998,0.39999998,0.0,0.0,0,0,0.71,0.65999997,0.25,-0.01,0.0,0,nan,nan,3,0,1,15,0
57527000,1678435498215000,401540240,1162593593,16078,16078,0.25,0.5,0.29999998,0.39999998,0.0,0.0,0,0,0.65,0.62,0.22,-0.07,0.0,0,nan,nan,3,0,1,15,0
57627000,1678435498315000,401540251,1162593592,15950,15950,0.25,0.5,0.29999998,0.39999998,0.0,0.0,0,0,0.61,0.56,0.25,-0.11,0.0,0,nan,nan,3,0,1,15,0
57727000,1678435498415000,401540255,1162593599,16077,16077,0.25,0.5,0.29999998,0.39999998,0.0,0.0,0,0,0.61,0.56,0.24,-0.049999997,0.0,0,nan,nan,3,0,1,15,0
57827000,1678435498515000,401540263,1162593608,15977,15977,0.25,0.5,0.29999998,0.39999998,0.0,0.0,0,0,0.55,0.48,0.26999998,0.099999994,0.0,0,nan,nan,3,0,1,15,0
57927000,1678435498615000,401540259,1162593610,15988,15988,0.25,0.5,0.29999998,0.39999998,0.0,0.0,0,0,0.51,0.42999998,0.28,0.01,0.0,0,nan,nan,3,0,1,15,0
58028000,1678435498715000,401540265,1162593603,16131,16131,0.25,0.5,0.29999998,0.39999998,0.0,0.0,0,0,0.47,0.39999998,0.25,-0.04,0.0,0,nan,nan,3,0,1,15,0
58130000,1678435498817000,401540267,1162593613,15964,15964,0.25,0.5,0.29999998,0.39999998,0.0,0.0,0,0,0.45,0.38,0.24,-0.02,0.0,0,nan,nan,3,0,1,15,0
58230000,1678435498917000,401540275,1162593609,15943,15943,0.25,0.5,0.29999998,0.39999998,0.0,0.0,0,0,0.37,0.29999998,0.21,-0.03,0.0,0,nan,nan,3,0,1,15,0
58331000,1678435499017000,401540277,1162593619,16065,16065,0.25,0.5,0.29999998,0.39999998,0.0,0.0,0,0,0.38,0.37,0.099999994,0.049999997,0.0,0,nan,nan,3,0,1,15,0
58431000,1678435499117000,401540281,1162593623,16025,16025,0.25,0.5,0.29999998,0.39999998,0.0,0.0,0,0,0.55,0.53999996,-0.04,0.07,0.0,0,nan,nan,3,0,1,15,0
58531000,1678435499217000,401540289,1162593618,15976,15976,0.25,0.5,0.29999998,0.39999998,0.0,0.0,0,0,0.61,0.59,-0.14,-0.04,0.0,0,nan,nan,3,0,1,15,0
58631000,1678435499317000,401540295,1162593614,15992,15992,0.25,0.5,0.29999998,0.39999998,0.0,0.0,0,0,0.65,0.62,-0.19999999,-0.01,0.0,0,nan,nan,3,0,1,15,0
58731000,1678435499417000,401540294,1162593610,16116,16116,0.25,0.5,0.29999998,0.39999998,0.0,0.0,0,0,0.68,0.65,-0.22,0.03,0.0,0,nan,nan,3,0,1,15,0
58831000,1678435499517000,401540301,1162593602,16103,16103,0.25,0.5,0.29999998,0.39999998,0.0,0.0,0,0,0.69,0.65,-0.22999999,0.02,0.0,0,nan,nan,3,0,1,15,0
58931000,1678435499617000,401540312,1162593610,16058,16058,0.25,0.5,0.29999998,0.39999998,0.0,0.0,0,0,0.65999997,0.64,-0.19,-0.03,0.0,0,nan,nan,3,0,1,15,0
59031000,1678435499717000,401540318,1162593598,16023,16023,0.25,0.5,0.29999998,0.39999998,0.0,0.0,0,0,0.63,0.61,-0.16,0.049999997,0.0,0,nan,nan,3,0,1,15,0
59131000,1678435499817000,401540322,1162593602,16130,16130,0.25,0.5,0.29999998,0.39999998,0.0,0.0,0,0,0.58,0.57,-0.099999994,0.04,0.0,0,nan,nan,3,0,1,15,0
59231000,1678435499917000,401540322,1162593603,16129,16129,0.25,0.5,0.29999998,0.39999998,0.0,0.0,0,0,0.57,0.57,-0.06,0.04,0.0,0,nan,nan,3,0,1,15,0
59332000,1678435500017000,401540335,1162593596,16149,16149,0.25,0.5,0.29999998,0.39999998,0.0,0.0,0,0,0.52,0.52,-0.03,0.02,0.0,0,nan,nan,3,0,1,15,0
59429000,1678435500117000,401540337,1162593599,16144,16144,0.25,0.5,0.29999998,0.39999998,0.0,0.0,0,0,0.42999998,0.42999998,0.0,-0.06,0.0,0,nan,nan,3,0,1,15,0
59530000,1678435500217000,401540334,1162593602,16025,16025,0.25,0.5,0.29999998,0.39999998,0.0,0.0,0,0,0.39999998,0.39999998,0.049999997,-0.08,0.0,0,nan,nan,3,0,1,15,0
59630000,1678435500317000,401540339,1162593599,16125,16125,0.25,0.5,0.29999998,0.39999998,0.0,0.0,0,0,0.38,0.37,0.08,0.04,0.0,0,nan,nan,3,0,1,15,0
59730000,1678435500417000,401540350,1162593603,15928,15928,0.25,0.5,0.29999998,0.39999998,0.0,0.0,0,0,0.39999998,0.38,0.13,0.07,0.0,0,nan,nan,3,0,1,15,0
59830000,1678435500517000,401540353,1162593608,16156,16156,0.25,0.5,0.29999998,0.39999998,0.0,0.0,0,0,0.35,0.32,0.13,0.07,0.0,0,nan,nan,3,0,1,15,0
59931000,1678435500617000,401540349,1162593601,16159,16159,0.25,0.5,0.29999998,0.39999998,0.0,0.0,0,0,0.31,0.28,0.14,0.0,0.0,0,nan,nan,3,0,1,15,0
60032000,1678435500717000,401540353,1162593613,16155,16155,0.25,0.5,0.29999998,0.39999998,0.0,0.0,0,0,0.28,0.19999999,0.19,-0.06,0.0,0,nan,nan,3,0,1,15,0
60132000,1678435500818000,401540357,1162593614,16145,16145,0.25,0.5,0.29999998,0.39999998,0.0,0.0,0,0,0.26999998,0.21,0.16,-0.08,0.0,0,nan,nan,3,0,1,15,0
60233000,1678435500918000,401540359,1162593610,15980,15980,0.25,0.5,0.29999998,0.39999998,0.0,0.0,0,0,0.25,0.17,0.17999999,-0.02,0.0,0,nan,nan,3,0,1,15,0
60333000,1678435501018000,401540363,1162593609,15979,15979,0.25,0.5,0.29999998,0.39999998,0.0,0.0,0,0,0.22,0.12,0.19,0.0,0.0,0,nan,nan,3,0,1,15,0
60433000,1678435501118000,401540355,1162593618,16047,16047,0.25,0.5,0.29999998,0.39999998,0.0,0.0,0,0,0.19999999,0.13,0.14999999,-0.03,0.0,0,nan,nan,3,0,1,15,0
60530000,1678435501218000,401540360,1162593613,16134,16134,0.25,0.5,0.29999998,0.39999998,0.0,0.0,0,0,0.19,0.14,0.12,-0.049999997,0.0,0,nan,nan,3,0,1,15,0
60631000,1678435501318000,401540363,1162593621,16103,16103,0.25,0.5,0.29999998,0.39999998,0.0,0.0,0,0,0.17,0.17,0.04,0.02,0.0,0,nan,nan,3,0,1,15,0
60732000,1678435501418000,401540359,1162593615,15958,15958,0.25,0.5,0.29999998,0.39999998,0.0,0.0,0,0,0.21,0.19999999,-0.06,-0.03,0.0,0,nan,nan,3,0,1,15,0
60832000,1678435501518000,401540369,1162593612,15948,15948,0.25,0.5,0.29999998,0.39999998,0.0,0.0,0,0,0.19,0.17,-0.099999994,-0.04,0.0,0,nan,nan,3,0,1,15,0
60933000,1678435501618000,401540370,1162593612,16055,16055,0.25,0.5,0.29999998,0.39999998,0.0,0.0,0,0,0.24,0.19999999,-0.14,0.01,0.0,0,nan,nan,3,0,1,15,0
61031000,1678435501718000,401540369,1162593615,16033,16033,0.25,0.5,0.29999998,0.39999998,0.0,0.0,0,0,0.29999998,0.21,-0.22,0.049999997,0.0,0,nan,nan,3,0,1,15,0
61131000,1678435501818000,401540366,1162593617,15954,15954,0.25,0.5,0.29999998,0.39999998,0.0,0.0,0,0,0.26999998,0.13,-0.22999999,-0.04,0.0,0,nan,nan,3,0,1,15,0
61233000,1678435501918000,401540373,1162593609,15998,15998,0.25,0.5,0.29999998,0.39999998,0.0,0.0,0,0,0.29999998,0.12,-0.28,0.04,0.0,0,nan,nan,3,0,1,15,0
61333000,1678435502018000,401540371,1162593610,16036,16036,0.25,0.5,0.29999998,0.39999998,0.0,0.0,0,0,0.29999998,0.06,-0.29999998,-0.01,0.0,0,nan,nan,3,0,1,15,0
61433000,1678435502118000,401540376,1162593602,16032,16032,0.25,0.5,0.29999998,0.39999998,0.0,0.0,0,0,0.29,0.049999997,-0.28,-0.04,0.0,0,nan,nan,3,0,1,15,0
61533000,1678435502218000,401540377,1162593600,16075,16075,0.25,0.5,0.29999998,0.39999998,0.0,0.0,0,0,0.22,0.03,-0.22,-0.02,0.0,0,nan,nan,3,0,1,15,0
61630000,1678435502318000,401540373,1162593603,16060,16060,0.25,0.5,0.29999998,0.39999998,0.0,0.0,0,0,0.22,0.01,-0.22,-0.06,0.0,0,nan,nan,3,0,1,15,0
61731000,1678435502418000,401540375,1162593590,16027,16027,0.25,0.5,0.29999998,0.39999998,0.0,0.0,0,0,0.19999999,0.02,-0.19999999,-0.03,0.0,0,nan,nan,3,0,1,15,0
61832000,1678435502518000,401540375,1162593587,16071,16071,0.25,0.5,0.29999998,0.39999998,0.0,0.0,0,0,0.14,-0.02,-0.14,-0.02,0.0,0,nan,nan,3,0,1,15,0
61932000,1678435502618000,401540376,1162593597,16000,16000,0.25,0.5,0.29999998,0.39999998,0.0,0.0,0,0,0.12,-0.04,-0.11,-0.01,0.0,0,nan,nan,3,0,1,15,0
62032000,1678435502718000,401540368,1162593590,15950,15950,0.25,0.5,0.29999998,0.39999998,0.0,0.0,0,0,0.11,-0.03,-0.099999994,-0.04,0.0,0,nan,nan,3,0,1,15,0
62133000,1678435502818000,401540368,1162593588,16034,16034,0.25,0.5,0.29999998,0.39999998,0.0,0.0,0,0,0.12,-0.089999996,-0.08,-0.03,0.0,0,nan,nan,3,0,1,15,0
62233000,1678435502918000,401540366,1162593582,16117,16117,0.25,0.5,0.29999998,0.39999998,0.0,0.0,0,0,0.12,-0.11,-0.06,0.02,0.0,0,nan,nan,3,0,1,15,0
62330000,1678435503018000,401540366,1162593592,16174,16174,0.25,0.5,0.29999998,0.39999998,0.0,0.0,0,0,0.14,-0.099999994,-0.089999996,0.03,0.0,0,nan,nan,3,0,1,15,0
62432000,1678435503118000,401540371,1162593585,16104,16104,0.25,0.5,0.29999998,0.39999998,0.0,0.0,0,0,0.16,-0.13,-0.089999996,0.03,0.0,0,nan,nan,3,0,1,15,0
62532000,1678435503218000,401540370,1162593589,16133,16133,0.25,0.5,0.29999998,0.39999998,0.0,0.0,0,0,0.14,-0.099999994,-0.099999994,-0.049999997,0.0,0,nan,nan,3,0,1,15,0
62632000,1678435503318000,401540366,1162593583,16064,16064,0.25,0.5,0.29999998,0.39999998,0.0,0.0,0,0,0.14999999,-0.099999994,-0.12,0.0,0.0,0,nan,nan,3,0,1,15,0
62733000,1678435503418000,401540361,1162593577,16032,16032,0.25,0.5,0.29999998,0.39999998,0.0,0.0,0,0,0.17,-0.12,-0.12,-0.049999997,0.0,0,nan,nan,3,0,1,15,0
62830000,1678435503518000,401540368,1162593580,16009,16009,0.25,0.5,0.29999998,0.39999998,0.0,0.0,0,0,0.19999999,-0.11,-0.17999999,-0.06,0.0,0,nan,nan,3,0,1,15,0
62930000,1678435503618000,401540361,1162593576,16042,16042,0.25,0.5,0.29999998,0.39999998,0.0,0.0,0,0,0.25,-0.12,-0.21,0.049999997,0.0,0,nan,nan,3,0,1,15,0
63031000,1678435503718000,401540361,1162593580,16069,16069,0.25,0.5,0.29999998,0.39999998,0.0,0.0,0,0,0.24,-0.13,-0.21,-0.07,0.0,0,nan,nan,3,0,1,15,0
63133000,1678435503818000,401540361,1162593571,15993,15993,0.25,0.5,0.29999998,0.39999998,0.0,0.0,0,0,0.28,-0.17,-0.22,0.03,0.0,0,nan,nan,3,0,1,15,0
63233000,1678435503918000,401540358,1162593576,15966,15966,0.25,0.5,0.29999998,0.39999998,0.0,0.0,0,0,0.24,-0.14999999,-0.19,-0.04,0.0,0,nan,nan,3,0,1,15,0
63333000,1678435504018000,401540363,1162593565,16046,16046,0.25,0.5,0.29999998,0.39999998,0.0,0.0,0,0,0.16,-0.099999994,-0.12,-0.06,0.0,0,nan,nan,3,0,1,15,0
63431000,1678435504118000,401540362,1162593564,16001,16001,0.25,0.5,0.29999998,0.39999998,0.0,0.0,0,0,0.24,-0.14999999,-0.17999999,-0.099999994,0.0,0,nan,nan,3,0,1,15,0
63531000,1678435504218000,401540360,1162593569,16026,16026,0.25,0.5,0.29999998,0.39999998,0.0,0.0,0,0,0.19,-0.13,-0.14,-0.16,0.0,0,nan,nan,3,0,1,15,0
63631000,1678435504318000,401540359,1162593571,16019,16019,0.25,0.5,0.29999998,0.39999998,0.0,0.0,0,0,0.19999999,-0.11,-0.16,0.049999997,0.0,0,nan,nan,3,0,1,15,0
63731000,1678435504418000,401540351,1162593564,15998,15998,0.25,0.5,0.29999998,0.39999998,0.0,0.0,0,0,0.16,-0.13,-0.099999994,-0.04,0.0,0,nan,nan,3,0,1,15,0
63832000,1678435504518000,401540354,1162593561,16013,16013,0.25,0.5,0.29999998,0.39999998,0.0,0.0,0,0,0.13,-0.11,-0.06,-0.02,0.0,0,nan,nan,3,0,1,15,0
63931000,1678435504618000,401540349,1162593567,16062,16062,0.25,0.5,0.29999998,0.39999998,0.0,0.0,0,0,0.11,-0.11,-0.02,0.08,0.0,0,nan,nan,3,0,1,15,0
64031000,1678435504718000,401540349,1162593567,16134,16134,0.25,0.5,0.29999998,0.39999998,0.0,0.0,0,0,0.08,-0.08,0.0,0.04,0.0,0,nan,nan,3,0,1,15,0
64132000,1678435504819000,401540352,1162593557,16025,16025,0.25,0.5,0.29999998,0.39999998,0.0,0.0,0,0,0.07,-0.049999997,-0.049999997,-0.03,0.0,0,nan,nan,3,0,1,15,0
64234000,1678435504919000,401540349,1162593562,16049,16049,0.25,0.5,0.29999998,0.39999998,0.0,0.0,0,0,0.08,-0.08,0.0,0.0,0.0,0,nan,nan,3,0,1,15,0
64331000,1678435505019000,401540348,1162593565,16000,16000,0.25,0.5,0.29999998,0.39999998,0.0,0.0,0,0,0.07,-0.07,-0.01,0.049999997,0.0,0,nan,nan,3,0,1,15,0
64432000,1678435505119000,401540346,1162593558,16046,16046,0.25,0.5,0.29999998,0.39999998,0.0,0.0,0,0,0.049999997,0.01,0.049999997,-0.01,0.0,0,nan,nan,3,0,1,15,0
64532000,1678435505219000,401540348,1162593557,16168,16168,0.25,0.5,0.29999998,0.39999998,0.0,0.0,0,0,0.12,-0.01,0.12,0.04,0.0,0,nan,nan,3,0,1,15,0
64632000,1678435505319000,401540350,1162593569,16191,16191,0.25,0.5,0.29999998,0.39999998,0.0,0.0,0,0,0.14,-0.01,0.14,0.16,0.0,0,nan,nan,3,0,1,15,0
64733000,1678435505419000,401540347,1162593569,15989,15989,0.25,0.5,0.29999998,0.39999998,0.0,0.0,0,0,0.26,-0.02,0.26,0.14,0.0,0,nan,nan,3,0,1,15,0
64831000,1678435505519000,401540350,1162593573,16141,16141,0.25,0.5,0.29999998,0.39999998,0.0,0.0,0,0,0.29999998,0.03,0.29999998,0.03,0.0,0,nan,nan,3,0,1,15,0
64933000,1678435505619000,401540353,1162593568,16156,16156,0.25,0.5,0.29999998,0.39999998,0.0,0.0,0,0,0.38,-0.01,0.38,-0.07,0.0,0,nan,nan,3,0,1,15,0
65033000,1678435505719000,401540345,1162593582,15958,15958,0.25,0.5,0.29999998,0.39999998,0.0,0.0,0,0,0.45,0.02,0.45,0.03,0.0,0,nan,nan,3,0,1,15,0
65131000,1678435505819000,401540348,1162593580,16117,16117,0.25,0.5,0.29999998,0.39999998,0.0,0.0,0,0,0.45999998,0.01,0.45999998,0.16,0.0,0,nan,nan,3,0,1,15,0
65232000,1678435505919000,401540348,1162593589,15940,15940,0.25,0.5,0.29999998,0.39999998,0.0,0.0,0,0,0.53999996,-0.02,0.53999996,0.02,0.0,0,nan,nan,3,0,1,15,0
65333000,1678435506019000,401540347,1162593601,16002,16002,0.25,0.5,0.29999998,0.39999998,0.0,0.0,0,0,0.55,-0.01,0.55,-0.02,0.0,0,nan,nan,3,0,1,15,0
65434000,1678435506119000,401540352,1162593606,15956,15956,0.25,0.5,0.29999998,0.39999998,0.0,0.0,0,0,0.53999996,-0.06,0.53999996,0.049999997,0.0,0,nan,nan,3,0,1,15,0
65534000,1678435506219000,401540343,1162593604,16086,16086,0.25,0.5,0.29999998,0.39999998,0.0,0.0,0,0,0.5,-0.06,0.48999998,0.049999997,0.0,0,nan,nan,3,0,1,15,0
65631000,1678435506319000,401540352,1162593619,16045,16045,0.25,0.5,0.29999998,0.39999998,0.0,0.0,0,0,0.45,-0.089999996,0.44,0.14,0.0,0,nan,nan,3,0,1,15,0
65733000,1678435506419000,401540342,1162593617,15904,15904,0.25,0.5,0.29999998,0.39999998,0.0,0.0,0,0,0.48999998,-0.089999996,0.48,0.17999999,0.0,0,nan,nan,3,0,1,15,0
65833000,1678435506519000,401540348,1162593630,16023,16023,0.25,0.5,0.29999998,0.39999998,0.0,0.0,0,0,0.45,-0.02,0.45,0.12,0.0,0,nan,nan,3,0,1,15,0
65931000,1678435506619000,401540342,1162593624,16002,16002,0.25,0.5,0.29999998,0.39999998,0.0,0.0,0,0,0.47,-0.089999996,0.45999998,0.049999997,0.0,0,nan,nan,3,0,1,15,0
66031000,1678435506719000,401540345,1162593637,15980,15980,0.25,0.5,0.29999998,0.39999998,0.0,0.0,0,0,0.37,-0.07,0.37,-0.01,0.0,0,nan,nan,3,0,1,15,0
66132000,1678435506819000,401540347,1162593634,16023,16023,0.25,0.5,0.29999998,0.39999998,0.0,0.0,0,0,0.32,-0.089999996,0.29999998,-0.03,0.0,0,nan,nan,3,0,1,15,0
66232000,1678435506919000,401540345,1162593635,16086,16086,0.25,0.5,0.29999998,0.39999998,0.0,0.0,0,0,0.32,-0.099999994,0.31,0.08,0.0,0,nan,nan,3,0,1,15,0
66333000,1678435507019000,401540341,1162593648,16039,16039,0.25,0.5,0.29999998,0.39999998,0.0,0.0,0,0,0.34,-0.13,0.32,0.08,0.0,0,nan,nan,3,0,1,15,0
66434000,1678435507119000,401540346,1162593644,16030,16030,0.25,0.5,0.29999998,0.39999998,0.0,0.0,0,0,0.39,-0.12,0.37,-0.03,0.0,0,nan,nan,3,0,1,15,0
66531000,1678435507219000,401540344,1162593648,15914,15914,0.25,0.5,0.29999998,0.39999998,0.0,0.0,0,0,0.34,-0.089999996,0.32999998,0.049999997,0.0,0,nan,nan,3,0,1,15,0
66631000,1678435507319000,401540345,1162593660,15891,15891,0.25,0.5,0.29999998,0.39999998,0.0,0.0,0,0,0.39999998,-0.06,0.39,0.03,0.0,0,nan,nan,3,0,1,15,0
66732000,1678435507419000,401540341,1162593655,15970,15970,0.25,0.5,0.29999998,0.39999998,0.0,0.0,0,0,0.42999998,-0.089999996,0.42,-0.06,0.0,0,nan,nan,3,0,1,15,0
66833000,1678435507519000,401540341,1162593660,15953,15953,0.25,0.5,0.29999998,0.39999998,0.0,0.0,0,0,0.44,-0.099999994,0.42999998,-0.02,0.0,0,nan,nan,3,0,1,15,0
66934000,1678435507619000,401540336,1162593669,15994,15994,0.25,0.5,0.29999998,0.39999998,0.0,0.0,0,0,0.45,-0.06,0.45,0.07,0.0,0,nan,nan,3,0,1,15,0
67031000,1678435507719000,401540343,1162593676,15893,15893,0.25,0.5,0.29999998,0.39999998,0.0,0.0,0,0,0.51,-0.07,0.5,0.11,0.0,0,nan,nan,3,0,1,15,0
67131000,1678435507819000,401540341,1162593685,16077,16077,0.25,0.5,0.29999998,0.39999998,0.0,0.0,0,0,0.56,-0.07,0.55,0.0,0.0,0,nan,nan,3,0,1,15,0
67232000,1678435507919000,401540334,1162593685,15874,15874,0.25,0.5,0.29999998,0.39999998,0.0,0.0,0,0,0.47,-0.06,0.47,0.089999996,0.0,0,nan,nan,3,0,1,15,0
67332000,1678435508019000,401540334,1162593692,16073,16073,0.25,0.5,0.29999998,0.39999998,0.0,0.0,0,0,0.48,-0.07,0.47,0.0,0.0,0,nan,nan,3,0,1,15,0
67432000,1678435508119000,401540336,1162593704,15958,15958,0.25,0.5,0.29999998,0.39999998,0.0,0.0,0,0,0.45,-0.06,0.45,-0.08,0.0,0,nan,nan,3,0,1,15,0
67532000,1678435508219000,401540336,1162593712,15930,15930,0.25,0.5,0.29999998,0.39999998,0.0,0.0,0,0,0.38,-0.049999997,0.38,0.01,0.0,0,nan,nan,3,0,1,15,0
67633000,1678435508319000,401540338,1162593704,15985,15985,0.25,0.5,0.29999998,0.39999998,0.0,0.0,0,0,0.34,-0.049999997,0.32999998,-0.049999997,0.0,0,nan,nan,3,0,1,15,0
67733000,1678435508419000,401540338,1162593720,16023,16023,0.25,0.5,0.29999998,0.39999998,0.0,0.0,0,0,0.34,-0.089999996,0.32999998,-0.12,0.0,0,nan,nan,3,0,1,15,0
67831000,1678435508519000,401540335,1162593716,16091,16091,0.25,0.5,0.29999998,0.39999998,0.0,0.0,0,0,0.28,-0.049999997,0.26999998,0.07,0.0,0,nan,nan,3,0,1,15,0
67931000,1678435508619000,401540334,1162593722,15895,15895,0.25,0.5,0.29999998,0.39999998,0.0,0.0,0,0,0.07,-0.07,-0.02,1.16,0.0,0,nan,nan,3,0,1,15,0
68031000,1678435508719000,401540331,1162593711,15787,15787,0.25,0.5,0.29999998,0.39999998,0.0,0.0,0,0,0.31,-0.03,-0.31,2.1399999,0.0,0,nan,nan,3,0,1,15,0
68131000,1678435508819000,401540335,1162593715,15568,15568,0.25,0.5,0.29999998,0.39999998,0.0,0.0,0,0,0.58,0.04,-0.58,3.06,0.0,0,nan,nan,3,0,1,15,0
68339000,1678435509025000,401540339,1162593687,14792,14792,0.25,0.5,0.29999998,0.39999998,0.0,0.0,0,0,1.31,0.14,-1.3,4.74,4.8171086,0,nan,nan,3,0,1,15,0
68439000,1678435509125000,401540337,1162593669,14275,14275,0.25,0.5,0.29999998,0.39999998,0.0,0.0,0,0,1.5899999,0.19,-1.5799999,5.58,4.8293257,0,nan,nan,3,0,1,15,0
68539000,1678435509225000,401540334,1162593658,13514,13514,0.25,0.5,0.29999998,0.39999998,0.0,0.0,0,0,1.92,0.26999998,-1.9,6.2799997,4.8507934,0,nan,nan,3,0,1,15,0
68639000,1678435509325000,401540343,1162593626,12926,12926,0.25,0.5,0.29999998,0.39999998,0.0,0.0,0,0,2.24,0.34,-2.21,6.93,4.863185,0,nan,nan,3,0,1,15,0
68740000,1678435509425000,401540339,1162593605,12248,12248,0.25,0.5,0.29999998,0.39999998,0.0,0.0,0,0,2.56,0.41,-2.52,7.72,4.875228,0,nan,nan,3,0,1,15,0
