timestamp,timestamp_sample,lat,lon,alt,alt_ellipsoid,delta_alt,eph,epv,terrain_alt,lat_lon_reset_counter,alt_reset_counter,terrain_alt_valid,dead_reckoning
10755000,10755000,40.15402995203062,116.25936848279122,0.87134,0.9359038,-0.0,0.3756216,0.72364885,0.8054625,3,0,1,0
10767000,10767000,40.15402995600749,116.25936847995206,0.8717165,0.93628037,-0.0,0.37591028,0.724017,0.80489385,3,0,1,0
10955000,10955000,40.15403002769734,116.25936839096455,0.8827687,0.94896716,-0.0,0.36742705,0.69867134,0.8057263,3,0,1,0
11155000,11155000,40.154030094622094,116.25936834032036,0.8914458,0.9594643,-0.0,0.36178264,0.6777118,0.8083192,3,0,1,0
11355000,11355000,40.154030268800454,116.25936827210397,0.89027756,0.96176106,0.0,0.35731667,0.66370124,0.80337846,4,1,1,0
11551000,11551000,40.15403033061676,116.25936829009676,0.8931185,0.9672773,0.0,0.3557935,0.64945126,0.797093,4,1,1,0
11751000,11751000,40.1540303455617,116.25936828578993,0.8935069,0.9691231,0.0,0.3535986,0.6361616,0.7929426,4,1,1,0
11949000,11949000,40.154030309570395,116.25936827762939,0.89043385,0.9673133,0.0,0.35187638,0.62471515,0.7881311,4,1,1,0
12151000,12151000,40.154030284745595,116.25936827920472,0.8905641,0.9691472,0.0,0.35060045,0.6147173,0.78731793,4,1,1,0
12361000,12361000,40.15403027388802,116.25936829993024,0.8876606,0.9677974,0.0,0.3500416,0.6062034,0.78620046,4,1,1,0
12559000,12559000,40.15403024863667,116.25936827474503,0.8913453,0.97133434,0.0,0.3492941,0.6010567,0.7949422,4,1,1,0
12752000,12752000,40.154030228135916,116.2593682687388,0.8943192,0.97543436,0.0,0.34819216,0.5935283,0.7956031,4,1,1,0
12951000,12951000,40.154030198593055,116.25936825900696,0.898932,0.97946686,0.0,0.34765762,0.58703345,0.8003415,4,1,1,0
13151000,13151000,40.15403017730261,116.25936829314624,0.90128,0.983238,0.0,0.3473167,0.5811768,0.79546607,4,1,1,0
13353000,13353000,40.154030169366344,116.25936831989641,0.9005601,0.98332953,0.0,0.3469655,0.57587916,0.7960394,4,1,1,0
13553000,13553000,40.15403017615784,116.25936834231719,0.89933586,0.98452914,0.0,0.34668675,0.57307446,0.7963685,4,1,1,0
13762000,13762000,40.15403016025736,116.25936836541077,0.9022525,0.9880334,0.0,0.34700012,0.5688987,0.8047159,4,1,1,0
13962000,13962000,40.15403016268621,116.25936836159453,0.90417767,0.99007785,0.0,0.34689218,0.5648502,0.7997103,4,1,1,0
14151000,14151000,40.15403016890341,116.25936836384003,0.9021154,0.9889924,0.0,0.346349,0.5608819,0.79067373,4,1,1,0
14350000,14350000,40.15403014634072,116.25936837301883,0.89873433,0.98699045,0.0,0.3462029,0.5575165,0.7955945,4,1,1,0
14552000,14552000,40.15403011656351,116.25936837289471,0.9000407,0.9873644,0.0,0.34616256,0.5544515,0.7978315,4,1,1,0
14752000,14752000,40.15403011196471,116.25936834910223,0.9065818,0.9957652,0.0,0.34608975,0.5532067,0.8108846,4,1,1,0
14950000,14950000,40.15403014215946,116.25936834699156,0.9145287,1.0037434,0.0,0.34599403,0.55057955,0.8161635,4,1,1,0
15152000,15152000,40.154030176573066,116.25936840065177,0.9197273,1.0113099,0.0,0.3459176,0.5481753,0.8110549,4,1,1,0
15355000,15351000,40.15403022221063,116.25936845735197,0.9219381,1.0140549,0.0,0.35082266,0.547353,0.812355,4,1,1,0
15554000,15550000,40.15403024020292,116.25936850036139,0.92823386,1.0228264,0.0,0.34982985,0.5452655,0.8234184,4,1,1,0
15755000,15751000,40.15403023550737,116.25936853793306,0.93584335,1.0304359,0.0,0.36208412,0.5481755,0.83061713,4,1,1,0
15957000,15953000,40.15403022924809,116.25936861987857,0.93810546,1.0349597,0.0,0.357835,0.5460919,0.8230016,4,1,1,0
16155000,16151000,40.1540302553821,116.25936868315898,0.93653893,1.0326685,0.0,0.36264926,0.546204,0.8224938,4,1,1,0
16357000,16353000,40.15403028505954,116.25936873146352,0.93677133,1.0293398,0.0,0.36327323,0.5460598,0.8134141,5,2,1,0
16562000,16558000,40.154030410603,116.25936860656859,0.9260121,1.0192612,0.0,0.36152196,0.5461002,0.81218016,5,2,1,0
16752000,16748000,40.154030465309226,116.2593685057601,0.9220749,1.015324,0.0,0.37507546,0.5483148,0.8155749,5,2,1,0
16954000,16950000,40.15403047077359,116.25936846390178,0.92457527,1.019849,0.0,0.36659485,0.5475238,0.8290528,5,2,1,0
17162000,17158000,40.154030413750206,116.2593684889348,0.9241375,1.0207895,0.0,0.36181092,0.5458723,0.8190046,5,2,1,0
17355000,17351000,40.15403034009305,116.25936847455404,0.9220792,1.0194678,0.0,0.3650207,0.5456267,0.81893843,5,2,1,0
17553000,17549000,40.15403027933467,116.25936847631536,0.92409545,1.0202998,0.0,0.3678068,0.54576397,0.8284694,5,2,1,0
17753000,17749000,40.15403022945641,116.2593685085272,0.9296457,1.0271914,0.0,0.36228544,0.54383767,0.83353955,5,2,1,0
17954000,17950000,40.15403020572705,116.25936857608895,0.9305597,1.0272896,0.0,0.3583963,0.5420667,0.82680714,5,2,1,0
18155000,18151000,40.154030204202286,116.25936859574716,0.9336424,1.0311177,0.0,0.3620432,0.5435286,0.8352965,5,2,1,0
18352000,18348000,40.15403020793689,116.25936860622771,0.9376214,1.0350968,0.0,0.3747534,0.54564023,0.838604,5,2,1,0
18562000,18558000,40.15403022296172,116.25936854113162,0.9380066,1.0345757,0.0,0.3674963,0.5441353,0.8352793,5,2,1,0
18752000,18748000,40.15403024823907,116.25936851065998,0.9386235,1.0368181,0.0,0.3692677,0.54388726,0.8343426,5,2,1,0
18960000,18956000,40.154030250989976,116.25936842873769,0.9453282,1.0379012,0.0,0.3677626,0.54412276,0.8373789,6,3,1,0
19159000,19155000,40.154030240303264,116.25936842182487,0.94701445,1.0385859,0.0,0.3716961,0.5458522,0.8531594,6,3,1,0
19359000,19355000,40.15403023998459,116.25936846182343,0.95653385,1.0481054,0.0,0.38436106,0.5481712,0.8579762,6,3,1,0
19560000,19556000,40.15403020364109,116.25936852132781,0.9625323,1.0520393,0.0,0.37355,0.54600203,0.85848296,6,3,1,0
19760000,19756000,40.154030161539666,116.25936857322736,0.9677451,1.0572522,0.0,0.38618225,0.54972357,0.8625288,6,3,1,0
19960000,19956000,40.15403013467531,116.2593686030963,0.9751448,1.0646517,0.0,0.40145215,0.5521615,0.8625288,6,3,1,0
20160000,20156000,40.15403012036626,116.25936861979397,0.9883337,1.0778407,0.0,0.42042854,0.55474657,0.8625288,6,3,1,0
20361000,20357000,40.15403011764831,116.25936862665544,0.9904643,1.0799713,0.0,0.44481614,0.55746996,0.8625288,6,3,1,0
20559000,20555000,40.1540301274523,116.25936861082381,0.9932904,1.0761144,0.0,0.42630628,0.5571446,0.8625288,6,3,1,0
20761000,20757000,40.15403015627149,116.25936855546722,0.9934537,1.0766155,0.0,0.4174813,0.5584858,0.8625288,6,3,1,0
20962000,20958000,40.15403019162774,116.25936849104643,0.99453676,1.0776986,0.0,0.44073513,0.5612538,0.8625288,6,3,1,0
21161000,21157000,40.154030227107064,116.2593684265767,0.99985194,1.0830138,0.0,0.47202706,0.5642191,0.8625288,6,3,1,0
21359000,21355000,40.15403026376513,116.25936836522057,1.0049472,1.088109,0.0,0.5128469,0.5673882,0.8625288,6,3,1,0
21560000,21556000,40.154030205362936,116.25936836719717,1.0110108,1.0851693,0.0,0.46388358,0.56657994,0.8625288,6,3,1,0
21755000,21755000,40.15403016243019,116.25936842964056,1.0428535,1.1240994,0.0,0.4940737,0.5690493,0.8534754,7,4,1,0
21948000,21948000,40.15403016444361,116.25936840137986,1.3710629,1.4513508,0.0,0.42260966,0.56624365,0.8534754,7,4,1,0
22149000,22149000,40.15403019655979,116.25936838991908,1.7842035,1.8610611,0.0,0.3954973,0.5637673,0.8534754,7,4,1,0
22359000,22359000,40.154030274228575,116.25936849456625,2.2119923,2.2865593,0.0,0.381306,0.5604832,0.8534754,7,4,1,0
22549000,22549000,40.15403037508735,116.25936859685996,2.5994887,2.6740558,0.0,0.3922409,0.5621784,0.8534754,7,4,1,0
22749000,22749000,40.15403046642908,116.25936865997221,3.0156202,3.0901873,0.0,0.406022,0.5643768,0.8534754,7,4,1,0
22958000,22958000,40.154030535526054,116.25936870934113,3.4638002,3.5289,0.0,0.40138033,0.56389195,0.8534754,7,4,1,0
23158000,23158000,40.15403053924322,116.25936879739686,3.9074326,3.9682353,0.0,0.38454515,0.5601542,0.8534754,7,4,1,0
23358000,23358000,40.15403054386468,116.25936886833261,4.366737,4.422406,0.0,0.38309908,0.56103796,0.8534754,7,4,1,0
23551000,23551000,40.15403054915172,116.25936885451078,4.8209815,4.8722672,0.0,0.37258756,0.5573558,0.8534754,7,4,1,0
23759000,23759000,40.15403058353605,116.25936872459566,5.319606,5.3708916,0.0,0.38364345,0.5593634,0.8534754,7,4,1,0
23948000,23948000,40.15403060672497,116.25936860900309,5.7822247,5.8335104,0.0,0.3980564,0.5606531,0.8534754,7,4,1,0
24160000,24160000,40.15403062172375,116.2593684898668,6.311885,6.3631706,0.0,0.42045006,0.56296825,0.8534754,7,4,1,0
24361000,24361000,40.154030625127106,116.259368388207,6.8234353,6.874721,0.0,0.44944674,0.5650225,0.8534754,7,4,1,0
24558000,24558000,40.15403062180449,116.25936830798663,7.3488746,7.4001603,0.0,0.48697534,0.56919026,0.8534754,7,4,1,1
24758000,24758000,40.15403060194914,116.25936825183967,7.891149,7.910681,0.0,0.4447932,0.56803614,nan,7,4,0,0
24951000,24951000,40.15403057178254,116.259368211636,8.411436,8.428178,0.0,0.42479753,0.56643945,nan,7,4,0,0
25159000,25159000,40.154030679722105,116.25936823285217,8.974455,8.98812,0.0,0.3956556,0.5627887,nan,7,4,0,0
25360000,25360000,40.154030742090065,116.25936832887305,9.532931,9.545416,0.0,0.3805805,0.5591896,nan,7,4,0,0
25550000,25550000,40.15403076940817,116.25936846137614,10.072602,10.083495,0.0,0.38026354,0.55973613,nan,7,4,0,0
25750000,25750000,40.15403077730092,116.25936858878664,10.639516,10.6473675,0.0,0.38062954,0.5590663,nan,7,4,0,0
25959000,25959000,40.15403080203143,116.25936868910365,11.232608,11.23689,0.0,0.37152502,0.55633193,nan,7,4,0,0
26151000,26151000,40.154030829485805,116.25936870885612,11.772914,11.773776,0.0,0.36450142,0.5530845,nan,7,4,0,0
26361000,26361000,40.154030806449974,116.25936869553992,12.363058,12.359703,0.0,0.36642596,0.5530101,nan,7,4,0,0
26548000,26548000,40.154030807140266,116.25936867428344,12.898246,12.894891,0.0,0.37658542,0.554603,nan,7,4,0,0
26749000,26749000,40.15403080791794,116.25936860526026,13.461938,13.454871,0.0,0.36825764,0.55180997,nan,7,4,0,0
26951000,26951000,40.154030765622885,116.25936856164195,13.921387,13.914188,0.0,0.37016,0.55309904,nan,7,4,0,0
27158000,27158000,40.1540307327468,116.25936850561213,14.2884,14.279916,0.0,0.37248212,0.55330956,nan,7,4,0,0
27358000,27358000,40.15403070523662,116.25936844324255,14.577664,14.5691805,0.0,0.3847036,0.5558523,nan,7,4,0,0
27559000,27559000,40.15403067970828,116.25936838393497,14.819774,14.81129,0.0,0.39942887,0.5588086,nan,7,4,0,0
27761000,27761000,40.15403065188526,116.25936836699455,15.005476,15.003446,0.0,0.38239077,0.55539364,nan,7,4,0,0
27948000,27948000,40.15403060536509,116.25936836675352,15.142515,15.1434965,0.0,0.37174645,0.5535417,nan,7,4,0,0
28148000,28148000,40.154030620737004,116.25936840649157,15.274571,15.279593,0.0,0.36501357,0.55087316,nan,7,4,0,0
28358000,28358000,40.15403064876082,116.25936845592481,15.391387,15.397488,0.0,0.36736953,0.5513042,nan,7,4,0,0
28551000,28551000,40.154030656950866,116.25936849759907,15.479465,15.489995,0.0,0.36816496,0.5508633,nan,7,4,0,0
28751000,28751000,40.15403062440797,116.25936857273865,15.558951,15.57226,0.0,0.3624693,0.54841876,nan,7,4,0,0
28948000,28948000,40.15403057544195,116.25936860270276,15.63205,15.649677,0.0,0.35827398,0.5462174,nan,7,4,0,0
29160000,29160000,40.154030527401254,116.25936862451118,15.69219,15.714865,0.0,0.3554447,0.5446018,nan,7,4,0,0
29348000,29348000,40.154030523605485,116.25936862692325,15.733102,15.758442,0.0,0.3525672,0.54374635,nan,7,4,0,0
29548000,29548000,40.154030508462924,116.25936859984827,15.773101,15.801095,0.0,0.35058454,0.5420231,nan,7,4,0,0
29759000,29759000,40.154030475460075,116.25936854611469,15.80285,15.835685,0.0,0.35343242,0.54260087,nan,7,4,0,0
29949000,29949000,40.15403044365791,116.25936849243998,15.825985,15.862089,0.0,0.35105106,0.54059833,nan,7,4,0,0
30159000,30159000,40.15403041093894,116.2593683881891,15.850339,15.88707,0.0,0.35441965,0.54127103,nan,7,4,0,0
30359000,30359000,40.15403039815393,116.25936832487928,15.867921,15.9093275,0.0,0.35226065,0.53971386,nan,7,4,0,0
30551000,30551000,40.15403045578354,116.25936827277965,15.8842535,15.928142,0.0,0.3501718,0.53919345,nan,7,4,0,0
30759000,30759000,40.15403048579783,116.25936824028584,15.898167,15.943934,0.0,0.34916922,0.53692037,nan,7,4,0,0
30960000,30960000,40.154030504774376,116.2593682199056,15.911159,15.959436,0.0,0.3480592,0.5368991,nan,7,4,0,0
31152000,31152000,40.15403049372124,116.25936822580624,15.910061,15.9634,0.0,0.34980384,0.5370285,nan,8,5,0,0
31354000,31354000,40.154030442255376,116.25936823378537,15.91287,15.968765,0.0,0.34999543,0.5360023,nan,8,5,0,0
31555000,31555000,40.15403042630972,116.25936820384749,15.919129,15.976182,0.0,0.34880787,0.5348245,nan,8,5,0,0
31756000,31756000,40.15403044904435,116.25936818779991,15.922121,15.979174,0.0,0.35768703,0.53799504,nan,8,5,0,0
31953000,31953000,40.15403048208112,116.2593681911616,15.922649,15.979702,0.0,0.3696607,0.5400812,nan,8,5,0,0
32155000,32155000,40.15403052154314,116.2593682078541,15.924435,15.985192,0.0,0.37176678,0.540393,nan,8,5,0,0
32353000,32353000,40.15403056130456,116.25936822150842,15.930489,15.992384,0.0,0.3734326,0.5406682,nan,8,5,0,0
32554000,32554000,40.154030613724615,116.25936819828294,15.934178,15.998877,0.0,0.36554903,0.5391678,nan,8,5,0,0
32755000,32755000,40.15403068765083,116.2593682068234,15.935333,16.00003,0.0,0.37925738,0.5411354,nan,8,5,0,0
32955000,32955000,40.15403073382049,116.25936822419345,15.93569,16.000387,0.0,0.39740673,0.5446042,nan,8,5,0,0
33155000,33155000,40.15403075841902,116.2593682478839,15.93568,16.000378,0.0,0.4207852,0.5468388,nan,8,5,0,0
33356000,33356000,40.154030799107645,116.25936826685455,15.938842,16.016489,0.0,0.38956383,0.5448512,nan,8,5,0,0
33554000,33554000,40.154030842476196,116.25936823681353,15.949493,16.02976,0.0,0.37569955,0.54302746,nan,8,5,0,0
33754000,33754000,40.15403078836371,116.25936826247667,15.96033,16.041872,0.0,0.36749777,0.54134357,nan,8,5,0,0
33955000,33955000,40.154030710451046,116.25936828046095,15.959811,16.041353,0.0,0.37967363,0.5432197,nan,8,5,0,0
34155000,34155000,40.15403064768648,116.25936830097608,15.957414,16.038956,0.0,0.39506868,0.5452483,nan,8,5,0,0
34354000,34354000,40.15403059052728,116.25936832269673,15.952656,16.042982,0.0,0.37905788,0.5447242,nan,8,5,0,0
34555000,34555000,40.15403049566491,116.25936833539296,15.952575,16.046173,0.0,0.36976352,0.5429324,nan,8,5,0,0
34756000,34756000,40.15403040048457,116.25936835645305,15.9572735,16.050873,0.0,0.38187215,0.5448972,nan,8,5,0,0
34956000,34956000,40.15403036413284,116.25936837195785,15.95547,16.05685,0.0,0.37158465,0.54305696,nan,8,5,0,0
35156000,35156000,40.15403040004417,116.25936847416085,15.952382,16.056005,0.0,0.36485687,0.54135484,nan,8,5,0,0
35353000,35353000,40.154030487311864,116.25936856562956,15.950439,16.057276,0.0,0.36007896,0.53977114,nan,8,5,0,0
35554000,35554000,40.15403057654503,116.25936861373773,15.950796,16.05825,0.0,0.35651296,0.5395795,nan,8,5,0,0
35754000,35754000,40.15403065530203,116.25936863044633,15.943515,16.052725,0.0,0.35376734,0.53816426,nan,8,5,0,0
35956000,35956000,40.154030706655966,116.25936862727208,15.941705,16.050428,0.0,0.3562045,0.5382976,nan,8,5,0,0
36154000,36154000,40.15403071370614,116.2593685924809,15.950253,16.061157,0.0,0.35355833,0.53694946,nan,8,5,0,0
36353000,36353000,40.154030690099496,116.25936855034217,15.957924,16.070135,0.0,0.35608146,0.5371367,nan,8,5,0,0
36554000,36554000,40.1540306389561,116.25936849385415,15.962579,16.074404,0.0,0.35347784,0.5358517,nan,8,5,0,0
36755000,36755000,40.154030612366306,116.25936850005408,15.959648,16.072899,0.0,0.35142055,0.5358648,nan,8,5,0,0
36956000,36956000,40.15403048869988,116.2593683433025,15.970501,16.085426,0.0,0.34976998,0.53470117,nan,8,5,0,0
37156000,37156000,40.15403047885243,116.25936827056589,15.988229,16.104172,0.0,0.34843695,0.53360164,nan,8,5,0,0
37353000,37353000,40.15403050055219,116.25936818011823,16.010128,16.128134,0.0,0.34734583,0.5325583,nan,8,5,0,0
37555000,37555000,40.15403052172068,116.2593682736572,16.01983,16.140896,0.0,0.34644693,0.5315674,nan,8,5,0,0
37755000,37755000,40.15403055425331,116.25936830866219,16.022072,16.14319,0.0,0.3457084,0.5306256,nan,8,5,0,0
37956000,37956000,40.154030472841555,116.25936862180242,16.031666,16.152884,0.0,0.34888306,0.5321555,nan,8,5,0,0
38153000,38153000,40.154030587077436,116.25936879469282,16.044035,16.168219,0.0,0.34778607,0.53124243,nan,8,5,0,0
38354000,38354000,40.15403079985395,116.25936881985683,15.99938,16.124401,0.0,0.34688452,0.53037345,nan,8,5,0,0
38555000,38555000,40.15403101458008,116.2593686859398,15.921575,16.044895,0.0,0.34613347,0.529546,nan,8,5,0,0
38753000,38753000,40.154031142456475,116.25936839027898,15.853651,15.976243,0.0,0.34550223,0.5287607,nan,8,5,0,0
38953000,38953000,40.15403107094465,116.25936817216922,15.832168,15.953113,0.0,0.3449847,0.52801204,nan,8,5,0,0
39154000,39154000,40.1540309218048,116.25936817958693,15.81234,15.933185,0.0,0.34455946,0.52838916,nan,8,5,0,0
39354000,39354000,40.15403085461127,116.25936830554778,15.795976,15.914656,0.0,0.3442123,0.5277021,nan,8,5,0,0
39554000,39554000,40.154030990934864,116.25936848135399,15.773876,15.891207,0.0,0.34392357,0.52704936,nan,8,5,0,0
39753000,39753000,40.154030876169564,116.25936869249453,15.743428,15.85691,0.0,0.3436919,0.5264291,nan,8,5,0,0
39954000,39954000,40.15403067827775,116.25936881083358,15.682421,15.7930155,0.0,0.34350306,0.5258368,nan,8,5,0,0
40155000,40155000,40.15403057955212,116.25936886728155,15.6602335,15.767647,0.0,0.34335563,0.52527374,nan,8,5,0,0
40353000,40353000,40.15403071677931,116.2593689770227,15.666653,15.771147,0.0,0.34323913,0.5257821,nan,8,5,0,0
40555000,40555000,40.15403084941394,116.25936888415202,15.652674,15.751982,0.0,0.34314921,0.52526134,nan,8,5,0,0
40756000,40756000,40.154030989008945,116.25936878030896,15.628886,15.725944,0.0,0.34307623,0.5247632,nan,8,5,0,0
40953000,40953000,40.15403121393474,116.25936851244778,15.642107,15.7362795,0.0,0.34301272,0.5242892,nan,8,5,0,0
41152000,41152000,40.154031461998265,116.25936853461138,15.686792,15.778806,0.0,0.3429696,0.5238351,nan,8,5,0,0
41354000,41354000,40.15403187611394,116.25936889290112,15.69115,15.781662,0.0,0.34294066,0.52442086,nan,8,5,0,0
41555000,41555000,40.15403238258236,116.25936949096678,15.722932,15.812089,0.0,0.34290797,0.52399915,nan,8,5,0,0
41753000,41753000,40.15403270873246,116.25936970888449,15.721799,15.809412,0.0,0.342887,0.5235944,nan,8,5,0,0
41956000,41956000,40.154032775875834,116.2593697783132,15.751888,15.839711,0.0,0.3428594,0.52320814,nan,8,5,0,0
42157000,42157000,40.15403264543058,116.25936980269701,15.781322,15.8672,0.0,0.34284568,0.522834,nan,8,5,0,0
42356000,42356000,40.154032373125034,116.25936971919091,15.803358,15.889857,0.0,0.34283048,0.5224738,nan,8,5,0,0
42554000,42554000,40.154031998790785,116.25936956215861,15.823465,15.909501,0.0,0.34281772,0.52312917,nan,8,5,0,0
42757000,42757000,40.15403155998223,116.25936934853767,15.83955,15.92631,0.0,0.34280393,0.52279156,nan,8,5,0,0
42955000,42955000,40.15403113608543,116.25936911400294,15.855359,15.941065,0.0,0.34278896,0.5224655,nan,8,5,0,0
43155000,43155000,40.15403071595893,116.25936884853478,15.874182,15.960402,0.0,0.34277618,0.5221585,nan,8,5,0,0
43356000,43356000,40.1540302809082,116.25936856148873,15.888382,15.975587,0.0,0.34276474,0.5218666,nan,8,5,0,0
43554000,43554000,40.15402986239599,116.25936831056164,15.901156,15.989867,0.0,0.34275347,0.5215835,nan,8,5,0,0
43755000,43755000,40.154029496005144,116.25936805482064,15.915078,16.004427,0.0,0.34274098,0.521314,nan,8,5,0,0
43957000,43957000,40.15402920375445,116.25936781441445,15.925551,16.01529,0.0,0.3427293,0.52203643,nan,8,5,0,0
44155000,44155000,40.1540289644483,116.25936762252789,15.939332,16.029058,0.0,0.34271926,0.5217796,nan,8,5,0,0
44353000,44353000,40.1540287590224,116.25936744937364,15.953052,16.043123,0.0,0.34270814,0.5215291,nan,8,5,0,0
44555000,44555000,40.15402861245972,116.25936727214318,15.969554,16.061111,0.0,0.34269884,0.5212844,nan,8,5,0,0
44754000,44754000,40.15402850754123,116.25936715293955,15.991262,16.086159,0.0,0.34268957,0.5210451,nan,8,5,0,0
44957000,44957000,40.15402846283021,116.25936711809197,16.007164,16.102491,0.0,0.34267974,0.52179414,nan,8,5,0,0
45154000,45154000,40.1540284419269,116.2593671389786,16.01155,16.106552,0.0,0.34267086,0.5215688,nan,8,5,0,0
45355000,45355000,40.15402845873677,116.25936719745292,16.013357,16.108456,0.0,0.34266013,0.52135,nan,8,5,0,0
45556000,45556000,40.154028458802294,116.25936728590997,16.017374,16.114412,0.0,0.34265196,0.5211348,nan,8,5,0,0
45756000,45756000,40.15402846670817,116.25936736946655,16.01564,16.112442,0.0,0.34264538,0.5209229,nan,8,5,0,0
45956000,45956000,40.154028531808976,116.25936742743555,16.013685,16.112097,0.0,0.34263903,0.52071387,nan,8,5,0,0
46157000,46157000,40.154028616026636,116.25936745245066,16.015038,16.113777,0.0,0.34263274,0.52148867,nan,8,5,0,0
46354000,46354000,40.154028719641595,116.25936746404805,16.017138,16.116486,0.0,0.34262812,0.52128947,nan,8,5,0,0
46555000,46555000,40.154028861748756,116.25936746306925,16.01893,16.11906,0.0,0.34262088,0.5210949,nan,8,5,0,0
46754000,46754000,40.15402900161297,116.25936746260584,16.01536,16.116833,0.0,0.3426146,0.520902,nan,8,5,0,0
46956000,46956000,40.15402916119079,116.25936746209756,16.007814,16.109371,0.0,0.34260723,0.5207105,nan,8,5,0,0
47156000,47156000,40.154029327996,116.25936743039709,16.005491,16.107475,0.0,0.34260222,0.520523,nan,8,5,0,0
47356000,47356000,40.15402947727499,116.25936738865848,16.002203,16.104445,0.0,0.3425974,0.5213122,nan,8,5,0,0
47556000,47556000,40.15402962192115,116.25936735247318,15.999532,16.103601,0.0,0.3425927,0.52112895,nan,8,5,0,0
47756000,47756000,40.15402975504008,116.25936733535602,16.000763,16.106256,0.0,0.3425881,0.52094907,nan,8,5,0,0
47956000,47956000,40.154029836544105,116.25936734271762,16.002232,16.109732,0.0,0.34258345,0.5207722,nan,8,5,0,0
48156000,48156000,40.1540298657349,116.2593673779665,15.999257,16.110167,0.0,0.3425782,0.5205984,nan,8,5,0,0
48354000,48354000,40.15402987010012,116.25936742506207,16.00286,16.11441,0.0,0.34257254,0.5204273,nan,8,5,0,0
48556000,48556000,40.1540298463227,116.25936747854037,16.005507,16.118916,0.0,0.34256607,0.520256,nan,8,5,0,0
48756000,48756000,40.154029870743365,116.25936758648093,16.004026,16.117765,0.0,0.34256086,0.5210531,nan,8,5,0,0
48957000,48957000,40.15402996099739,116.25936768971118,15.99704,16.113026,0.0,0.3425545,0.5208812,nan,8,5,0,0
49154000,49154000,40.1540300328291,116.25936776517628,15.9893055,16.107166,0.0,0.3425489,0.52071166,nan,8,5,0,0
49354000,49354000,40.154030118535154,116.25936786624945,15.988191,16.107363,0.0,0.34254166,0.5205416,nan,8,5,0,0
49555000,49555000,40.15403023997507,116.25936799937327,15.989062,16.108738,0.0,0.34253415,0.5203738,nan,8,5,0,0
49754000,49754000,40.15403034616262,116.25936811705323,15.989345,16.111195,0.0,0.34252918,0.52117604,nan,8,5,0,0
49955000,49955000,40.15403045624776,116.25936823103915,15.985843,16.10923,0.0,0.34252203,0.52100694,nan,8,5,0,0
50156000,50156000,40.15403053264153,116.25936832783302,15.984732,16.10905,0.0,0.3425155,0.5208371,nan,8,5,0,0
50354000,50354000,40.15403057759364,116.25936838779914,15.986684,16.112307,0.0,0.34250963,0.52066666,nan,8,5,0,0
50555000,50555000,40.15403063329828,116.25936842856655,15.993502,16.121326,0.0,0.34250292,0.5204955,nan,8,5,0,0
50757000,50757000,40.15403069655371,116.25936846099918,15.996428,16.125513,0.0,0.34249744,0.5203263,nan,8,5,0,0
50955000,50955000,40.15403075562185,116.25936846307921,15.993741,16.124304,0.0,0.3424923,0.52112633,nan,8,5,0,0
51156000,51156000,40.15403080437691,116.25936845770855,15.991356,16.123724,0.0,0.3424869,0.5209613,nan,8,5,0,0
51353000,51353000,40.154030836172545,116.25936842519194,15.989888,16.123,0.0,0.3424816,0.5207952,nan,8,5,0,0
51554000,51554000,40.15403086220224,116.25936843051363,15.983875,16.116411,0.0,0.34247553,0.5206282,nan,8,5,0,0
51754000,51754000,40.15403088328132,116.25936846986417,15.983878,16.117765,0.0,0.34246856,0.5204602,nan,8,5,0,0
51954000,51954000,40.154030912475896,116.25936850848237,15.986816,16.120466,0.0,0.3424645,0.52029675,nan,8,5,0,0
52157000,52157000,40.154030898448134,116.25936853284294,15.988664,16.121704,0.0,0.34245867,0.52013767,nan,8,5,0,0
52354000,52354000,40.15403061352191,116.25936850549606,15.986335,16.120676,0.0,0.342455,0.5209442,nan,8,5,0,0
52556000,52556000,40.154029575559335,116.2593683132873,15.991538,16.12742,0.0,0.3424508,0.52078265,nan,8,5,0,0
52754000,52754000,40.1540274617567,116.25936781320021,16.013031,16.14901,0.0,0.34244928,0.5206225,nan,8,5,0,0
52955000,52955000,40.154024323294685,116.259366936542,16.057516,16.194395,0.0,0.34244797,0.52046096,nan,8,5,0,0
53155000,53155000,40.15402080140802,116.25936585306965,16.098267,16.23472,0.0,0.3424583,0.52030075,nan,8,5,0,0
53357000,53357000,40.1540174520005,116.2593647560042,16.125023,16.260992,0.0,0.3424689,0.5201411,nan,8,5,0,0
53556000,53556000,40.15401469771034,116.25936381915226,16.137913,16.273937,0.0,0.34247434,0.52094513,nan,8,5,0,0
53756000,53756000,40.15401261026148,116.25936307767871,16.14685,16.28125,0.0,0.3424736,0.5207784,nan,8,5,0,0
53956000,53956000,40.15401110520338,116.25936254872121,16.149563,16.285868,0.0,0.3424664,0.5206105,nan,8,5,0,0
54157000,54157000,40.154010172553946,116.25936201796338,16.144539,16.280405,0.0,0.3424561,0.52044183,nan,8,5,0,0
54356000,54356000,40.154010082,116.2593609361847,16.128677,16.263075,0.0,0.34244403,0.52027017,nan,8,5,0,0
54556000,54556000,40.15401057534305,116.2593596719363,16.106754,16.241938,0.0,0.34243277,0.5200989,nan,8,5,0,0
54755000,54755000,40.15401138060199,116.25935857464052,16.080854,16.217709,0.0,0.34242606,0.5208952,nan,8,5,0,0
54957000,54957000,40.154012373030234,116.25935774684538,16.05826,16.19487,0.0,0.3424247,0.5207276,nan,8,5,0,0
55155000,55155000,40.154013423395575,116.25935727513237,16.039291,16.174856,0.0,0.34242684,0.52056015,nan,8,5,0,0
55356000,55356000,40.15401451040768,116.25935708378718,16.021881,16.156536,0.0,0.34243,0.5203961,nan,8,5,0,0
55555000,55555000,40.15401557641248,116.25935707302368,16.007284,16.141497,0.0,0.34243393,0.5202302,nan,8,5,0,0
55756000,55756000,40.154016542170794,116.25935719888099,15.992165,16.125727,0.0,0.34243587,0.5210339,nan,8,5,0,0
55956000,55956000,40.15401741803456,116.25935739407055,15.981407,16.116186,0.0,0.3424382,0.5208707,nan,8,5,0,0
56157000,56157000,40.154018196714745,116.25935763452829,15.975882,16.11083,0.0,0.34243885,0.5207115,nan,8,5,0,0
56354000,56354000,40.154018870786146,116.25935789774918,15.972157,16.106468,0.0,0.34243822,0.52055603,nan,8,5,0,0
56555000,56555000,40.15401964200039,116.2593579961985,15.964334,16.0989,0.0,0.34243372,0.52040136,nan,8,5,0,0
56754000,56754000,40.15402053256764,116.25935800447618,15.953999,16.088398,0.0,0.34243023,0.5202499,nan,8,5,0,0
56955000,56955000,40.15402157923867,116.2593581639322,15.93876,16.073803,0.0,0.3424248,0.5201013,nan,8,5,0,0
57155000,57155000,40.15402275727267,116.25935855985408,15.926444,16.061983,0.0,0.3424199,0.5209188,nan,8,5,0,0
57355000,57355000,40.15402395561552,116.2593591472473,15.91475,16.050413,0.0,0.34241414,0.5207721,nan,8,5,0,0
57555000,57555000,40.1540251137293,116.2593597955252,15.910206,16.04646,0.0,0.342409,0.520627,nan,8,5,0,0
57755000,57755000,40.15402612225271,116.25936038921502,15.916627,16.052164,0.0,0.34240425,0.5204834,nan,8,5,0,0
57955000,57955000,40.154026966414975,116.25936096693273,15.9197445,16.053837,0.0,0.34239992,0.5203379,nan,8,5,0,0
58154000,58154000,40.15402760313423,116.25936152229414,15.920495,16.05444,0.0,0.34239718,0.5201932,nan,8,5,0,0
58355000,58355000,40.154028149599775,116.25936194447615,15.9231615,16.056074,0.0,0.3423939,0.52101713,nan,8,5,0,0
58555000,58555000,40.154029074502226,116.25936169259417,15.923247,16.05505,0.0,0.34239295,0.5208738,nan,8,5,0,0
58755000,58755000,40.15403028199545,116.25936101628298,15.92486,16.056625,0.0,0.34239054,0.5207272,nan,8,5,0,0
58955000,58955000,40.15403150283125,116.2593603454127,15.923253,16.05551,0.0,0.34238845,0.52058005,nan,8,5,0,0
59155000,59155000,40.1540326441505,116.25935990405115,15.92077,16.053474,0.0,0.34238732,0.52043194,nan,8,5,0,0
59356000,59356000,40.15403364418638,116.2593597705006,15.915437,16.049923,0.0,0.342387,0.52028257,nan,8,5,0,0
59554000,59554000,40.154034453314274,116.25935988711095,15.915371,16.050531,0.0,0.34238833,0.52109855,nan,8,5,0,0
59754000,59754000,40.154035056784984,116.25936018860922,15.917438,16.052069,0.0,0.342389,0.5209414,nan,8,5,0,0
59955000,59955000,40.15403553412851,116.25936060731057,15.9130945,16.049889,0.0,0.34238973,0.5207803,nan,8,5,0,0
60156000,60156000,40.154035842171574,116.2593610611101,15.914278,16.05308,0.0,0.34239212,0.52061844,nan,8,5,0,0
60357000,60357000,40.15403602118614,116.25936152263341,15.919976,16.057232,0.0,0.34239587,0.5204533,nan,8,5,0,0
60555000,60555000,40.15403614405933,116.25936187632557,15.924878,16.062721,0.0,0.34240046,0.52028805,nan,8,5,0,0
60756000,60756000,40.15403640524518,116.25936186584414,15.931768,16.068863,0.0,0.34240273,0.5210867,nan,8,5,0,0
60954000,60954000,40.15403672060886,116.25936148893645,15.938316,16.073988,0.0,0.34240645,0.52091646,nan,8,5,0,0
61155000,61155000,40.15403701750763,116.25936084223063,15.94225,16.076267,0.0,0.34240764,0.5207441,nan,8,5,0,0
61357000,61357000,40.154037203527054,116.25936007670306,15.945816,16.078585,0.0,0.34239134,0.52056813,nan,8,5,0,0
61554000,61554000,40.1540372731781,116.25935936891824,15.948558,16.080791,0.0,0.34239757,0.5203952,nan,8,5,0,0
61755000,61755000,40.15403724598916,116.25935884157279,15.951222,16.082684,0.0,0.3424015,0.5202209,nan,8,5,0,0
61956000,61956000,40.154037149209714,116.25935849798192,15.954483,16.084955,0.0,0.3424051,0.5210133,nan,8,5,0,0
62157000,62157000,40.15403698463388,116.25935832925624,15.95717,16.08576,0.0,0.34240645,0.52083665,nan,8,5,0,0
62354000,62354000,40.15403674557082,116.2593582434995,15.958094,16.087828,0.0,0.34240663,0.520662,nan,8,5,0,0
62556000,62556000,40.15403651456226,116.25935814196,15.957259,16.087626,0.0,0.34240553,0.5204868,nan,8,5,0,0
62757000,62757000,40.154036311052934,116.25935792314381,15.960908,16.090437,0.0,0.34240386,0.5203113,nan,8,5,0,0
62954000,62954000,40.15403609991364,116.25935750766784,15.96769,16.095865,0.0,0.34240162,0.521108,nan,8,5,0,0
63157000,63157000,40.154035858416385,116.25935696337268,15.972755,16.099548,0.0,0.34239823,0.5209352,nan,8,5,0,0
63357000,63357000,40.154035595603084,116.25935648719856,15.975349,16.100254,0.0,0.3423967,0.52076256,nan,8,5,0,0
63555000,63555000,40.15403536840465,116.25935615920535,15.983076,16.106194,0.0,0.34239373,0.52058995,nan,8,5,0,0
63755000,63755000,40.15403516168767,116.25935596496873,15.989798,16.11086,0.0,0.34238917,0.52042276,nan,8,5,0,0
63955000,63955000,40.15403495043987,116.25935589498006,15.991344,16.110916,0.0,0.3423847,0.52025807,nan,8,5,0,0
64156000,64156000,40.15403479211076,116.2593559238483,15.988068,16.107046,0.0,0.34237844,0.5200957,nan,8,5,0,0
64356000,64356000,40.15403475204008,116.25935595595529,15.986034,16.10341,0.0,0.3423529,0.52089727,nan,8,5,0,0
64556000,64556000,40.154034752597845,116.25935615589655,15.979509,16.097038,0.0,0.3423506,0.5207316,nan,8,5,0,0
64757000,64757000,40.154034771655645,116.25935670409258,15.96369,16.081234,0.0,0.34234828,0.52056545,nan,8,5,0,0
64957000,64957000,40.15403478756667,116.25935767534669,15.944866,16.06402,0.0,0.34234467,0.5203986,nan,8,5,0,0
65155000,65155000,40.15403478935634,116.25935893516939,15.9357815,16.054516,0.0,0.34234282,0.5202361,nan,8,5,0,0
65357000,65357000,40.15403475971251,116.25936035077751,15.924691,16.041912,0.0,0.34234092,0.5210435,nan,8,5,0,0
65555000,65555000,40.15403469135495,116.2593617378821,15.918743,16.035627,0.0,0.34229824,0.52087736,nan,8,5,0,0
65757000,65757000,40.15403455998698,116.25936295115565,15.908025,16.023773,0.0,0.34230053,0.52071345,nan,8,5,0,0
65955000,65955000,40.15403440642811,116.259363960544,15.891711,16.00745,0.0,0.34230527,0.52054805,nan,8,5,0,0
66156000,66156000,40.15403424235351,116.25936481563406,15.884254,15.999997,0.0,0.3423103,0.52038103,nan,8,5,0,0
66357000,66357000,40.15403409571271,116.25936547423794,15.879846,15.996878,0.0,0.3423166,0.52021253,nan,8,5,0,0
66555000,66555000,40.154033938771946,116.2593661393202,15.874265,15.990899,0.0,0.34232137,0.5210104,nan,8,5,0,0
66753000,66753000,40.1540338107555,116.25936697834221,15.867753,15.983277,0.0,0.34232628,0.5208467,nan,8,5,0,0
66954000,66954000,40.15403368207328,116.259368028831,15.865762,15.98112,0.0,0.34230873,0.5206789,nan,8,5,0,0
67155000,67155000,40.154033567797605,116.25936918841339,15.858124,15.973688,0.0,0.34231234,0.5205098,nan,8,5,0,0
67356000,67356000,40.15403346021836,116.25937033037373,15.8518915,15.967532,0.0,0.34231627,0.5203379,nan,8,5,0,0
67556000,67556000,40.15403334229385,116.25937131595373,15.852944,15.968118,0.0,0.34232095,0.5201633,nan,8,5,0,0
67757000,67757000,40.15403325963176,116.25937210516224,15.8585205,15.974355,0.0,0.3423256,0.5209559,nan,8,5,0,0
67935000,67935000,40.15403322622268,116.25937243770713,15.803439,15.920132,0.0,0.34169784,0.52017516,nan,8,5,0,0
68383000,68383000,40.15403345566795,116.25936810176698,14.211594,14.345498,0.0,0.34491318,0.5214012,14.395421,10,7,1,0
68391000,68391000,40.15403347111789,116.25936793950596,14.164915,14.29882,0.0,0.3452392,0.5217096,14.360267,10,7,1,0
68579000,68579000,40.15403395858462,116.25936364586697,12.96239,13.101625,0.0,0.345313,0.52207565,13.363838,10,7,1,0
68780000,68780000,40.15403479916386,116.25935790015788,11.429029,11.575764,0.0,0.34472802,0.5227775,12.015316,10,7,1,0
