timestamp,timestamp_sample,vibe[0],vibe[1],vibe[2],output_tracking_error[0],output_tracking_error[1],output_tracking_error[2],control_mode_flags,filter_fault_flags,pos_horiz_accuracy,pos_vert_accuracy,mag_test_ratio,vel_test_ratio,pos_test_ratio,hgt_test_ratio,tas_test_ratio,hagl_test_ratio,beta_test_ratio,time_slip,accel_device_id,gyro_device_id,baro_device_id,mag_device_id,gps_check_fail_flags,innovation_check_flags,solution_status_flags,reset_count_vel_ne,reset_count_vel_d,reset_count_pos_ne,reset_count_pod_d,reset_count_quat,pre_flt_fail_innov_heading,pre_flt_fail_innov_vel_horiz,pre_flt_fail_innov_vel_vert,pre_flt_fail_innov_height,pre_flt_fail_mag_field_disturbed,health_flags,timeout_flags
685000,685000,1.7522137e-10,1.2229021e-05,0.0008596743,4.450206e-05,0.0006417961,4.185671e-06,512,0,0.70622146,3.5000029,0.0,nan,nan,1.1754944e-38,0.0,0.0,0.0,0.0,1310988,1310988,6620172,197388,0,0,228,1,0,1,0,1,0,0,0,0,0,0,0
697000,697000,1.7988892e-10,1.244522e-05,0.0008394513,8.4920524e-05,0.0011179177,8.097707e-06,512,0,0.7097526,3.5000114,0.0,nan,nan,1.1754944e-38,0.0,0.0,0.0,0.0,1310988,1310988,6620172,197388,0,0,228,1,0,1,0,1,0,0,0,0,0,0,0
879000,879000,2.0778315e-10,1.3892499e-05,0.0008958178,0.00022254308,0.0009558107,0.0133217005,512,0,1.3338498,1.7505797,0.0,nan,nan,0.0008450746,0.0,0.0,0.0,0.0,1310988,1310988,6620172,197388,0,0,228,1,0,1,0,1,0,0,0,0,0,0,0
1085000,1085000,2.085071e-10,1.5107389e-05,0.00090251776,0.00020826486,0.00037996186,0.010773306,67109376,0,1.2168666,1.2401834,0.000259004,nan,nan,0.0001896972,0.0,0.0,0.0,0.0,1310988,1310988,6620172,197388,0,0,228,1,0,1,0,1,0,0,0,0,0,0,0
1282000,1282000,2.0867048e-10,1.5345579e-05,0.0019731887,6.342826e-06,0.0004484365,0.0070621753,67109376,0,0.36553538,1.0175037,0.0004067402,nan,nan,0.0004472381,0.0,0.0,0.0,0.0,1310988,1310988,6620172,197388,0,0,228,1,0,1,0,1,0,0,0,0,0,0,0
1487000,1487000,2.2579213e-10,1.5698733e-05,0.0014696434,0.00021927097,0.0007901538,0.0019050472,67109376,0,0.27071953,0.8909241,0.00052154565,nan,nan,0.0007876745,0.0,0.0,0.0,0.0,1310988,1310988,6620172,197388,0,0,228,1,0,1,0,1,0,0,0,0,0,0,0
1685000,1685000,2.5104296e-10,1.6752434e-05,0.0018633767,0.00012937395,0.0005058761,0.0031427264,67109376,0,0.23191564,0.8127366,0.0002938395,nan,nan,0.0008345265,0.0,0.0,0.0,0.0,1310988,1310988,6620172,197388,0,0,228,1,0,1,0,1,0,0,0,0,0,0,0
1884000,1884000,2.581506e-10,1.6783493e-05,0.0015949606,0.00011224154,0.0007825054,0.0033835971,67109376,0,0.2154761,0.76336694,0.000375457,nan,nan,0.0001328156,0.0,0.0,0.0,0.0,1310988,1310988,6620172,197388,0,0,228,1,0,1,0,1,0,0,0,0,0,0,0
2087000,2087000,2.471407e-10,1.699301e-05,0.0015471367,0.0001663845,0.0011108991,0.0011445985,67109376,0,0.20922148,0.7336041,0.0003260102,nan,nan,0.0026286554,0.0,0.0,0.0,0.0,1310988,1310988,6620172,197388,0,0,228,1,0,1,0,1,0,0,0,0,0,0,0
2288000,2288000,2.4829735e-10,1.6560447e-05,0.0011793091,9.2605806e-05,0.0025994463,0.00525074,67109376,0,0.20570064,0.7180114,0.00057948864,nan,nan,0.005018895,0.0,0.0,0.0,0.0,1310988,1310988,6620172,197388,0,0,228,1,0,1,0,1,0,0,0,0,0,0,0
2488000,2488000,2.5220953e-10,1.6856804e-05,0.0008080175,0.00019928844,0.0014421212,0.0023964583,67109376,0,0.1987843,0.71255064,0.0011805999,nan,nan,0.0027953694,0.0,0.0,0.0,0.0,1310988,1310988,6620172,197388,0,0,228,1,0,1,0,1,0,0,0,0,0,0,0
2496000,2496000,2.5756325e-10,1.6971979e-05,0.0007959221,0.00019911933,0.0013856019,0.002234605,67109376,0,0.20481677,0.71551853,0.0012192697,nan,nan,0.0027953694,0.0,0.0,0.0,0.0,1310988,1310988,6620172,197388,0,0,228,1,0,1,0,1,0,0,0,0,0,0,0
3139000,3139000,2.6875613e-10,1.7463366e-05,0.0018728068,0.00019997661,0.0013313851,0.0020658076,67109376,0,0.14143646,0.7185176,0.0011395008,nan,nan,0.0027953694,0.0,0.0,0.0,0.62,1310988,1310988,6620172,197388,0,0,228,2,0,2,0,1,0,0,0,0,0,0,0
3316000,3316000,2.598718e-10,1.7213175e-05,0.0028265468,0.00020428802,0.00051155046,0.0011669596,67109376,0,1.3511251,0.7634685,0.00073260476,nan,nan,0.0013545953,0.0,0.0,0.0,0.62,1310988,1310988,6620172,197388,0,0,228,2,0,2,0,1,0,0,0,0,0,0,0
3458000,3458000,2.6498062e-10,1.7328115e-05,0.0024291675,0.00014864658,0.0017599763,0.002501298,67109376,0,0.22365753,0.7772342,0.00058308797,nan,nan,0.000466653,0.0,0.0,0.0,0.62,1310988,1310988,6620172,197388,0,0,228,2,0,2,0,1,0,0,0,0,0,0,0
3727000,3727000,3.1074543e-10,2.1280493e-05,0.008650886,9.374942e-05,0.0010850003,0.0014552178,512,0,0.20380063,0.7708343,0.0,nan,nan,0.0011629458,0.0,0.0,0.0,0.69,1310988,1310988,6620172,197388,0,0,228,2,0,2,0,1,0,0,0,0,0,0,0
3925000,3925000,3.1346004e-10,2.0216532e-05,0.005653928,1.9690253e-05,0.0006712499,0.001025651,512,0,0.3643047,0.7826394,0.0,nan,nan,0.0025257466,0.0,0.0,0.0,0.69,1310988,1310988,6620172,197388,0,0,228,2,0,2,0,1,0,0,0,0,0,0,0
4127000,4127000,2.7373087e-10,1.848972e-05,0.00389585,3.899e-05,0.0008093471,0.002845652,512,0,0.5128495,0.7830377,0.0,nan,nan,0.00022282371,0.0,0.0,0.0,0.69,1310988,1310988,6620172,197388,0,0,228,2,0,2,0,1,0,0,0,0,0,0,0
4325000,4325000,3.0107594e-10,1.907834e-05,0.002787533,8.4017505e-05,0.0011480572,0.003201925,512,0,0.6187019,0.78093797,0.0,nan,nan,0.000470496,0.0,0.0,0.0,0.69,1310988,1310988,6620172,197388,0,0,228,2,0,2,0,1,0,0,0,0,0,0,0
4516000,4516000,2.775502e-10,1.8251723e-05,0.0022216388,0.00013706656,0.0012439962,0.0011592084,512,0,0.647478,0.77279603,0.0,nan,nan,0.0016638823,0.0,0.0,0.0,0.69,1310988,1310988,6620172,197388,0,0,228,2,0,2,0,1,0,0,0,0,0,0,0
4726000,4726000,2.837736e-10,1.826786e-05,0.0017493743,0.00014002128,0.0015058051,0.0023287935,512,0,0.66008306,0.7705014,0.0,nan,nan,0.0041175582,0.0,0.0,0.0,0.69,1310988,1310988,6620172,197388,0,0,228,2,0,2,0,1,0,0,0,0,0,0,0
4926000,4926000,2.7630925e-10,1.7806924e-05,0.0017719686,0.000121788435,0.001371496,0.0016860733,512,0,0.64993364,0.78216594,0.0,nan,nan,0.0022784004,0.0,0.0,0.0,0.69,1310988,1310988,6620172,197388,0,0,228,2,0,2,0,1,0,0,0,0,0,0,0
5117000,5105000,2.7430452e-10,1.7332828e-05,0.0017180131,9.072332e-05,0.0015575225,0.0019189975,67109376,0,0.6108657,0.7673364,0.00019352173,nan,nan,0.00010158507,0.0,0.0,0.0,0.69,1310988,1310988,6620172,197388,0,0,228,2,0,2,0,1,0,0,0,0,0,0,0
5327000,5315000,2.6751376e-10,1.7040042e-05,0.0014136711,0.00015098536,0.0020221013,0.0033821578,67109376,0,0.18143782,0.7623638,0.00035906132,nan,nan,0.0020243935,0.0,0.0,0.0,0.69,1310988,1310988,6620172,197388,0,0,228,2,0,2,0,1,0,0,0,0,0,0,0
5520000,5508000,2.6764135e-10,1.6905547e-05,0.0011298119,0.00014725744,0.0011925084,0.0015160075,67109376,0,0.16191328,0.7694306,0.00012129598,nan,nan,0.0023157063,0.0,0.0,0.0,0.69,1310988,1310988,6620172,197388,0,0,228,2,0,2,0,1,0,0,0,0,0,0,0
5717000,5705000,2.6070943e-10,1.6888576e-05,0.00090810837,0.00020104254,0.0016723152,0.00086851773,67109376,0,0.15350296,0.76209545,7.9694044e-05,nan,nan,0.0015666288,0.0,0.0,0.0,0.69,1310988,1310988,6620172,197388,0,0,228,2,0,2,0,1,0,0,0,0,0,0,0
5918000,5906000,2.420506e-10,1.6649872e-05,0.0007894985,0.00017514212,0.0014360335,0.0009353434,67109395,0,0.14447372,0.7558993,0.0062616044,nan,nan,0.00081766717,0.0,0.0,0.0,0.69,1310988,1310988,6620172,197388,0,0,229,2,0,2,0,2,0,0,0,0,0,0,0
6118000,6106000,2.473122e-10,1.6293656e-05,0.0005857731,0.0003636425,0.0011948165,0.0029968694,67109395,0,0.13052067,0.7511288,0.0029500162,nan,nan,0.0022031218,0.0,0.0,0.0,0.69,1310988,1310988,6620172,197388,0,0,229,2,0,2,0,2,0,0,0,0,0,0,0
6327000,6315000,2.804203e-10,1.754296e-05,0.00056184724,0.0002585947,0.0019974809,0.0052365055,67109395,0,0.12363885,0.75114775,0.0014515845,nan,nan,0.00012919423,0.0,0.0,0.0,0.69,1310988,1310988,6620172,197388,0,0,229,2,0,2,0,2,0,0,0,0,0,0,0
6520000,6508000,2.9713612e-10,1.8416911e-05,0.00059756404,8.0345e-05,0.0026117049,0.0067388066,67109395,0,0.116828874,0.7457372,0.0023006806,nan,nan,0.0019391447,0.0,0.0,0.0,0.69,1310988,1310988,6620172,197388,0,0,229,2,0,2,0,2,0,0,0,0,0,0,0
6720000,6708000,2.7892638e-10,1.7943566e-05,0.00046373947,0.00027993674,0.0018803485,0.0049276035,67109395,0,0.11540657,0.7625449,0.0054993643,nan,nan,0.001994861,0.0,0.0,0.0,0.69,1310988,1310988,6620172,197388,0,0,229,2,0,2,0,2,0,0,0,0,0,0,0
6917000,6905000,2.7126767e-10,1.7667127e-05,0.00053878495,0.00017370902,0.0013803716,0.0034560987,67109395,0,0.11484144,0.76276636,0.008878901,nan,nan,0.0029669225,0.0,0.0,0.0,0.69,1310988,1310988,6620172,197388,0,0,229,2,0,2,0,2,0,0,0,0,0,0,0
7118000,7105000,2.9123634e-10,1.7678201e-05,0.0010725625,0.00025234948,0.0014673378,0.0034409065,67109395,0,0.11336894,0.763805,0.0067938124,nan,nan,0.0007395336,0.0,0.0,0.0,0.69,1310988,1310988,6620172,197388,0,0,229,2,0,2,0,2,0,0,0,0,0,0,0
7316000,7304000,2.7025499e-10,1.757923e-05,0.0012457925,0.00011358716,0.0015209089,0.002883271,67109395,0,0.110750005,0.7651962,0.0036779244,nan,nan,0.0006882441,0.0,0.0,0.0,0.69,1310988,1310988,6620172,197388,0,0,229,2,0,2,0,2,0,0,0,0,0,0,0
7525000,7525000,2.636591e-10,1.7533506e-05,0.0030973095,0.00012209133,0.0019482804,0.0026282237,67109395,0,0.11234016,0.77429134,0.0006284417,nan,nan,0.00011886313,0.0,0.0,0.0,0.69,1310988,1310988,6620172,197388,0,0,229,2,0,2,0,2,0,0,0,0,0,0,0
7725000,7725000,2.3172277e-10,1.6373198e-05,0.0026056196,0.00022420965,0.002820118,0.0041869916,67109395,0,0.10910475,0.7757485,0.009942839,nan,nan,0.001317418,0.0,0.0,0.0,0.69,1310988,1310988,6620172,197388,0,0,229,2,0,2,0,2,0,0,0,0,0,0,0
7926000,7926000,2.701468e-10,1.6938147e-05,0.0017961785,0.00019081564,0.0031050541,0.0037002587,67109395,0,0.105866596,0.7765198,0.002664974,nan,nan,0.0006196713,0.0,0.0,0.0,0.69,1310988,1310988,6620172,197388,0,0,229,2,0,2,0,2,0,0,0,0,0,0,0
8125000,8125000,2.9307815e-10,1.8344972e-05,0.0016508615,0.00024363681,0.003372728,0.002611019,67109395,0,0.10305131,0.77662987,0.006901092,nan,nan,0.0015772698,0.0,0.0,0.0,0.69,1310988,1310988,6620172,197388,0,0,229,2,0,2,0,2,0,0,0,0,0,0,0
8327000,8327000,2.899154e-10,1.8381392e-05,0.0014134288,0.00024918874,0.0036199295,0.0037933618,67109395,0,0.100803964,0.7959748,0.002939636,nan,nan,0.00058681663,0.0,0.0,0.0,0.69,1310988,1310988,6620172,197388,0,0,229,2,0,2,0,2,0,0,0,0,0,0,0
8516000,8516000,2.978727e-10,1.8324985e-05,0.0011412773,0.0002580053,0.0037979998,0.00420986,67109395,0,0.098289125,0.7905896,0.005247189,nan,nan,0.0023425675,0.0,0.0,0.0,0.69,1310988,1310988,6620172,197388,0,0,229,2,0,2,0,2,0,0,0,0,0,0,0
8726000,8726000,2.7890307e-10,1.7503653e-05,0.0010482884,0.00027505553,0.0035069892,0.0037029362,67109395,0,0.09979236,0.79223114,0.005715477,nan,nan,0.00036674106,0.0,0.0,0.0,0.69,1310988,1310988,6620172,197388,0,0,229,2,0,2,0,2,0,0,0,0,0,0,0
8927000,8927000,2.575648e-10,1.6351058e-05,0.00093983696,0.0003504496,0.0036801843,0.0035736987,67109395,0,0.09930435,0.78901607,0.008621257,nan,nan,0.0009414047,0.0,0.0,0.0,0.69,1310988,1310988,6620172,197388,0,0,229,2,0,2,0,2,0,0,0,0,0,0,0
9125000,9125000,2.6898164e-10,1.702426e-05,0.0010075847,0.0001700129,0.0019985812,0.003180775,67109395,0,0.13919039,0.784978,0.010339478,nan,nan,0.0002610361,0.0,0.0,0.0,0.69,1310988,1310988,6620172,197388,0,0,229,2,0,2,0,2,0,0,0,0,0,0,0
9325000,9325000,2.5035e-10,1.598281e-05,0.00069570047,0.0001503791,0.002634401,0.0049522957,67109395,0,0.13780427,0.7805686,0.0042222603,nan,nan,0.0007909571,0.0,0.0,0.0,0.69,1310988,1310988,6620172,197388,0,0,229,2,0,2,0,2,0,0,0,0,0,0,0
9527000,9527000,2.5074545e-10,1.6446105e-05,0.0008110624,0.00014447008,0.0020342418,0.0035900136,67109395,0,0.13545078,0.7954037,0.0073477747,nan,nan,0.00080174225,0.0,0.0,0.0,0.69,1310988,1310988,6620172,197388,0,0,229,2,0,2,0,2,0,0,0,0,0,0,0
9716000,9716000,2.596928e-10,1.7008011e-05,0.00076598773,0.00013066124,0.0015918496,0.0019399931,67109395,0,0.13146567,0.7860717,0.006556563,nan,nan,0.003169044,0.0,0.0,0.0,0.69,1310988,1310988,6620172,197388,0,0,229,2,0,2,0,2,0,0,0,0,0,0,0
9920000,9920000,2.526791e-10,1.6839274e-05,0.0010116507,0.00018392477,0.0012007405,0.0016487134,67109395,0,0.12978947,0.77989674,0.00649715,nan,nan,0.00080794754,0.0,0.0,0.0,0.69,1310988,1310988,6620172,197388,0,0,229,2,0,2,0,2,0,0,0,0,0,0,0
10125000,10125000,3.106013e-10,1.7830853e-05,0.0009709208,0.00014137347,0.016269118,0.012531464,67109399,0,0.3242916,0.7384615,0.0051725004,0.033659965,0.025472416,0.0023716711,0.0,0.0,0.0,0.69,1310988,1310988,6620172,197388,0,0,895,3,1,3,0,2,0,0,0,0,0,0,0
10327000,10327000,3.2894432e-10,1.8229903e-05,0.000979345,0.00046043142,0.01929339,0.015600457,67109399,0,0.2748548,0.6823139,0.0079360325,0.027113779,0.010755722,0.00212184,0.0,0.0,0.0,0.69,1310988,1310988,6620172,197388,0,0,895,3,1,3,0,2,0,0,0,0,0,0,0
10526000,10526000,3.1440073e-10,1.8231085e-05,0.0012626573,0.00084336806,0.022187408,0.022098329,67109399,0,0.24479201,0.6380075,0.0057099033,0.010740447,0.013259874,0.0005205149,0.0,0.0,0.0,0.69,1310988,1310988,6620172,197388,0,0,895,3,1,3,0,2,0,0,0,0,0,0,0
10727000,10727000,2.935908e-10,1.7530787e-05,0.0010375539,0.0013921824,0.03118174,0.03409917,67109399,0,0.22467718,0.61088276,0.0070712953,0.060310915,0.0073282295,0.0016460415,0.0,0.0,0.0,0.69,1310988,1310988,6620172,197388,0,0,895,3,1,3,0,2,0,0,0,0,0,0,0
10927000,10927000,2.704837e-10,1.7203372e-05,0.00073827454,0.00079300895,0.015142996,0.021968365,67109399,0,0.2105546,0.5792041,0.004321094,0.02344819,0.0033545285,0.0044238125,0.0,0.0,0.0,0.69,1310988,1310988,6620172,197388,0,0,895,3,1,3,0,2,0,0,0,0,0,0,0
11127000,11127000,2.8306746e-10,1.8059378e-05,0.0005508574,0.00094809727,0.012814974,0.018367218,67109399,0,0.20038936,0.5523139,0.007186154,0.036519997,0.022621373,0.00056511984,0.0,0.0,0.0,0.69,1310988,1310988,6620172,197388,0,0,895,3,1,3,0,2,0,0,0,0,0,0,0
11323000,11323000,3.5653314e-10,2.1485737e-05,0.009416275,0.0008590992,0.007605291,0.008573553,535,0,0.19969347,0.53665954,0.01065559,0.005551345,0.020150684,0.0010692426,0.0,0.0,0.0,0.69,1310988,1310988,6620172,197388,0,0,895,3,1,3,0,2,0,0,0,0,0,0,0
11527000,11527000,3.4339143e-10,2.0227879e-05,0.005747264,0.0002722415,0.007651299,0.0072969613,535,0,0.18782365,0.5098349,0.006409417,0.02143423,0.0140286395,0.0020745108,0.0,0.0,0.0,0.69,1310988,1310988,6620172,197388,0,0,895,3,1,3,0,2,0,0,0,0,0,0,0
11727000,11727000,3.0274364e-10,1.915285e-05,0.0035824713,0.0011555374,0.014604046,0.008738932,535,0,0.18370928,0.49800715,0.0026805478,0.02773776,0.021733087,0.0013636681,0.0,0.0,0.0,0.69,1310988,1310988,6620172,197388,0,0,895,3,1,3,0,2,0,0,0,0,0,0,0
11916000,11916000,2.6805203e-10,1.796177e-05,0.0024818562,0.0007523461,0.013094942,0.013090744,535,0,0.17978409,0.48244044,0.007482046,0.018672656,0.012597327,0.0013758146,0.0,0.0,0.0,0.69,1310988,1310988,6620172,197388,0,0,895,3,1,3,0,2,0,0,0,0,0,0,0
12127000,12127000,2.6289682e-10,1.7379656e-05,0.0019809923,0.00036285474,0.0074694515,0.009605377,535,0,0.17819351,0.46954167,0.0054301047,0.025462693,0.008648075,0.0017143354,0.0,0.0,0.0,0.69,1310988,1310988,6620172,197388,0,0,895,3,1,3,0,2,0,0,0,0,0,0,0
12325000,12325000,2.980356e-10,1.8905106e-05,0.0016605173,0.00014373624,0.006425968,0.008369603,535,0,0.17637442,0.4576378,0.0073218658,0.030748416,0.018702505,0.0021947795,0.0,0.0,0.0,0.69,1310988,1310988,6620172,197388,0,0,895,3,1,3,0,2,0,0,0,0,0,0,0
12526000,12526000,3.1108918e-10,1.8543189e-05,0.0012212044,0.000527833,0.006813301,0.008672622,535,0,0.17495492,0.4469372,0.0025024582,0.02627069,0.017813604,0.0015759792,0.0,0.0,0.0,0.69,1310988,1310988,6620172,197388,0,0,895,3,1,3,0,2,0,0,0,0,0,0,0
12716000,12716000,2.9197844e-10,1.733049e-05,0.0011368279,0.00031768583,0.0068385224,0.005684953,67109399,0,0.17300217,0.44032508,0.00035706087,0.027578287,0.02414422,0.0011411578,0.0,0.0,0.0,0.69,1310988,1310988,6620172,197388,0,0,895,3,1,3,0,2,0,0,0,0,0,0,0
12923000,12923000,2.705877e-10,1.7573926e-05,0.0013368239,0.00047665506,0.008558339,0.007487294,67109399,0,0.1730264,0.43171883,0.003226006,0.03036831,0.016735967,0.005046995,0.0,0.0,0.0,0.69,1310988,1310988,6620172,197388,0,0,895,3,1,3,0,2,0,0,0,0,0,0,0
13127000,13127000,2.691565e-10,1.7806897e-05,0.00089976017,0.000529384,0.00694242,0.006831367,67109399,0,0.17236197,0.42352766,0.008015213,0.020151354,0.012646791,0.0008515481,0.0,0.0,0.0,0.69,1310988,1310988,6620172,197388,0,0,895,3,1,3,0,2,0,0,0,0,0,0,0
13325000,13325000,2.739658e-10,1.7686696e-05,0.0009657921,0.00049164274,0.008788721,0.007240847,67109399,0,0.17184013,0.41605464,0.0053920653,0.02705328,0.01086946,0.0008240311,0.0,0.0,0.0,0.69,1310988,1310988,6620172,197388,0,0,895,3,1,3,0,2,0,0,0,0,0,0,0
13525000,13525000,2.3905405e-10,1.6544822e-05,0.00068405,0.00011067446,0.0022418026,0.004902223,67109399,0,0.17141853,0.40922627,0.0061375755,0.027252918,0.018467177,3.959118e-05,0.0,0.0,0.0,0.69,1310988,1310988,6620172,197388,0,0,895,3,1,3,0,2,0,0,0,0,0,0,0
13726000,13726000,2.592199e-10,1.6535902e-05,0.0006303169,0.00013972969,0.004675964,0.0036057418,67109399,0,0.17107199,0.40297496,0.009833411,0.0369045,0.022093128,0.0008521295,0.0,0.0,0.0,0.69,1310988,1310988,6620172,197388,0,0,895,3,1,3,0,2,0,0,0,0,0,0,0
13926000,13926000,2.6767813e-10,1.711493e-05,0.000495339,0.00030798087,0.0050165737,0.0045786225,67109399,0,0.17079015,0.39725152,0.0017284318,0.016989253,0.022033412,0.001028111,0.0,0.0,0.0,0.69,1310988,1310988,6620172,197388,0,0,895,3,1,3,0,2,0,0,0,0,0,0,0
14127000,14127000,2.7765162e-10,1.7673792e-05,0.0005418066,0.0003346235,0.01182949,0.012462049,67109399,0,0.17055398,0.39449418,0.004784761,0.033654064,0.021507487,0.0039718742,0.0,0.0,0.0,0.69,1310988,1310988,6620172,197388,0,0,895,3,1,3,0,2,0,0,0,0,0,0,0
14326000,14326000,2.756685e-10,1.7520242e-05,0.00091903156,0.00035690714,0.006203883,0.0061457353,67109399,0,0.1703595,0.38959342,0.0015428363,0.0332497,0.015598995,0.0027678788,0.0,0.0,0.0,0.69,1310988,1310988,6620172,197388,0,0,895,3,1,3,0,2,0,0,0,0,0,0,0
14527000,14527000,2.8094987e-10,1.7521083e-05,0.00082160137,8.772224e-05,0.0021996961,0.003940092,67109399,0,0.1701791,0.38509157,0.00078534684,0.0070716743,0.015044117,0.0023266566,0.0,0.0,0.0,0.69,1310988,1310988,6620172,197388,0,0,895,3,1,3,0,2,0,0,0,0,0,0,0
14724000,14724000,3.079203e-10,2.0109212e-05,0.0029862372,0.00027783253,0.008206052,0.00851097,67109399,0,0.16919386,0.38052222,0.0058743083,0.029911092,0.024746466,0.0011081285,0.0,0.0,0.0,0.69,1310988,1310988,6620172,197388,0,0,895,3,1,3,0,2,0,0,0,0,0,0,0
14926000,14926000,2.9306965e-10,1.9824998e-05,0.0022331744,0.00026049296,0.006183579,0.0069269794,67109399,0,0.16988358,0.37713242,0.0036028791,0.030992439,0.016372804,0.0010212288,0.0,0.0,0.0,0.69,1310988,1310988,6620172,197388,0,0,895,3,1,3,0,2,0,0,0,0,0,0,0
15116000,15116000,2.5130553e-10,1.7769047e-05,0.0017664771,0.00036666432,0.0075212903,0.008236938,67109399,0,0.16892491,0.37532616,0.0016169649,0.027225016,0.027002316,0.00493329,0.0,0.0,0.0,0.69,1310988,1310988,6620172,197388,0,0,895,3,1,3,0,2,0,0,0,0,0,0,0
15322000,15318000,2.2074692e-10,1.6551256e-05,0.0014699503,0.00016870716,0.006207655,0.009018157,67109399,0,0.17739244,0.3739891,0.0030816393,0.016543541,0.021660702,0.0011280719,0.0,0.0,0.0,0.69,1310988,1310988,6620172,197388,0,0,895,3,1,3,0,2,0,0,0,0,0,0,0
15518000,15514000,2.3105391e-10,1.6593653e-05,0.0016111037,0.00014407914,0.0029740166,0.0029801922,68157975,0,0.17573056,0.37086895,0.001681647,0.008870979,0.0051918617,1.1754944e-38,0.0,0.0,0.0,0.69,1310988,1310988,6620172,197388,0,0,895,3,1,3,0,2,0,0,0,0,0,0,0
15719000,15715000,2.5387337e-10,1.7037308e-05,0.0012472492,7.934003e-05,0.0023439361,0.002661743,68157975,0,0.19469032,0.37279058,1.1234655e-05,0.008870979,0.0051918617,0.0026421994,0.0,0.0,0.0,0.69,1310988,1310988,6620172,197388,0,0,895,3,1,3,0,2,0,0,0,0,0,0,0
15920000,15916000,2.4244562e-10,1.6706888e-05,0.0009880784,0.00030497016,0.01145769,0.014159727,68157975,0,0.18906502,0.36976215,0.008058607,0.024819104,0.013659635,0.0025009485,0.0,0.0,0.0,0.69,1310988,1310988,6620172,197388,0,0,895,3,1,3,0,2,0,0,0,0,0,0,0
16119000,16115000,2.5454772e-10,1.6793823e-05,0.0011484857,0.00012559556,0.008149778,0.012074114,68157975,0,0.19641557,0.37189773,0.0005624215,0.02442306,0.02076284,1.1754944e-38,0.0,0.0,0.0,0.69,1310988,1310988,6620172,197388,0,0,895,3,1,3,0,2,0,0,0,0,0,0,0
16324000,16320000,5.586828e-10,2.4088482e-05,0.010264697,5.7569672e-05,0.0045895665,0.0076809265,1049111,0,0.21232496,0.3747458,0.011526384,0.02442306,0.02076284,1.1754944e-38,0.0,0.0,0.0,0.69,1310988,1310988,6620172,197388,0,0,895,3,1,3,0,2,0,0,0,0,0,0,0
16525000,16521000,4.5034823e-10,2.1356855e-05,0.0064342036,0.0005434783,0.013876429,0.019521266,1049111,0,0.19508353,0.36922503,0.008174421,0.022101387,0.009735221,1.1754944e-38,0.0,0.0,0.0,0.69,1310988,1310988,6620172,197388,0,0,895,3,1,3,0,2,0,0,0,0,0,0,0
16720000,16716000,3.845499e-10,1.9917574e-05,0.0044726897,0.00015515057,0.0061287447,0.009630622,1049111,0,0.2153729,0.37505955,0.002783955,0.022101387,0.009735221,0.0010628664,0.0,0.0,0.0,0.69,1310988,1310988,6620172,197388,0,0,895,3,1,3,0,2,0,0,0,0,0,0,0
16921000,16917000,3.134193e-10,1.8565765e-05,0.0030101473,0.00048406605,0.009655959,0.0111428695,1049111,0,0.20420998,0.3718517,0.013554913,0.03809092,0.01217365,1.1754944e-38,0.0,0.0,0.0,0.69,1310988,1310988,6620172,197388,0,0,895,3,1,3,0,2,0,0,0,0,0,0,0
17122000,17118000,2.9289968e-10,1.7755972e-05,0.0020405706,0.0003585275,0.009498945,0.014254401,1049111,0,0.19633202,0.36894414,0.0052229306,0.0052243597,0.017338937,1.1754944e-38,0.0,0.0,0.0,0.69,1310988,1310988,6620172,197388,0,0,895,3,1,3,0,2,0,0,0,0,0,0,0
17319000,17315000,2.9054698e-10,1.741419e-05,0.0015165401,0.000108142136,0.0059434418,0.010562165,1049111,0,0.2020921,0.3712245,0.00045329408,0.010607275,0.029790854,1.1754944e-38,0.0,0.0,0.0,0.69,1310988,1310988,6620172,197388,0,0,895,3,1,3,0,2,0,0,0,0,0,0,0
17520000,17516000,2.5675959e-10,1.6702692e-05,0.0011420145,0.00013854282,0.0064062714,0.009493717,1049111,0,0.20634535,0.37142324,0.0032862276,0.02831939,0.0065257573,1.1754944e-38,0.0,0.0,0.0,0.69,1310988,1310988,6620172,197388,0,0,895,3,1,3,0,2,0,0,0,0,0,0,0
17721000,17717000,2.3746644e-10,1.6245816e-05,0.0009201339,0.00022014014,0.0056608412,0.008846512,68157975,0,0.19796391,0.36862776,0.0012626563,0.02097033,0.010327352,1.1754944e-38,0.0,0.0,0.0,0.69,1310988,1310988,6620172,197388,0,0,895,3,1,3,0,2,0,0,0,0,0,0,0
17922000,17918000,2.4494576e-10,1.6877433e-05,0.0008144566,0.00025935532,0.006459244,0.008757976,68157975,0,0.19167446,0.36603588,0.00074320764,0.022334807,0.010045836,0.00028580657,0.0,0.0,0.0,0.69,1310988,1310988,6620172,197388,0,0,895,3,1,3,0,2,0,0,0,0,0,0,0
18119000,18115000,2.6755803e-10,1.797987e-05,0.0007716257,0.0001148417,0.002192346,0.004412904,68157975,0,0.19731411,0.36616036,0.002756167,0.02426733,0.026683683,1.1754944e-38,0.0,0.0,0.0,0.69,1310988,1310988,6620172,197388,0,0,895,3,1,3,0,2,0,0,0,0,0,0,0
18319000,18315000,2.6091793e-10,1.7207063e-05,0.00056482764,7.322926e-05,0.0017477125,0.0034278214,68157975,0,0.2158177,0.36914888,0.00107589,0.02426733,0.026683683,1.1754944e-38,0.0,0.0,0.0,0.69,1310988,1310988,6620172,197388,0,0,895,3,1,3,0,2,0,0,0,0,0,0,0
18521000,18517000,2.857475e-10,1.7579336e-05,0.0007346356,0.00017443212,0.0041469433,0.008185876,68157975,0,0.20484704,0.36847472,0.011790058,0.009708171,0.019339833,1.1754944e-38,0.0,0.0,0.0,0.69,1310988,1310988,6620172,197388,0,0,895,3,1,3,0,2,0,0,0,0,0,0,0
18720000,18716000,2.869923e-10,1.8119534e-05,0.0009738669,8.0154285e-05,0.0029854674,0.0070414147,68157975,0,0.20846905,0.36865315,4.859417e-05,0.015642546,0.013925041,1.1754944e-38,0.0,0.0,0.0,0.69,1310988,1310988,6620172,197388,0,0,895,3,1,3,0,2,0,0,0,0,0,0,0
18920000,18916000,3.997419e-10,2.4129266e-05,0.007960255,7.829658e-05,0.0044659926,0.007660765,1049111,0,0.2081188,0.36809325,0.0029032065,0.029129282,0.021406526,1.1754944e-38,0.0,0.0,0.0,0.69,1310988,1310988,6620172,197388,0,0,895,3,1,3,0,2,0,0,0,0,0,0,0
19123000,19119000,3.7407255e-10,2.2061791e-05,0.005245542,0.00024110569,0.008112145,0.012032322,1049111,0,0.21559851,0.36911082,8.9378904e-05,0.043769583,0.010318321,1.1754944e-38,0.0,0.0,0.0,0.69,1310988,1310988,6620172,197388,0,0,895,3,1,3,0,2,0,0,0,0,0,0,0
19319000,19315000,3.4967151e-10,2.0647902e-05,0.0038793313,0.00012498935,0.0041642324,0.007369636,1049111,0,0.2358933,0.37454957,0.0018762415,0.043769583,0.010318321,1.1754944e-38,0.0,0.0,0.0,0.69,1310988,1310988,6620172,197388,0,0,895,3,1,3,0,2,0,0,0,0,0,0,0
19519000,19515000,3.0327585e-10,1.9045134e-05,0.002513495,0.0002766815,0.0076084794,0.011049815,1049111,0,0.21877524,0.37143317,0.0015535299,0.03044729,0.015430253,1.1754944e-38,0.0,0.0,0.0,0.69,1310988,1310988,6620172,197388,0,0,895,3,1,3,0,2,0,0,0,0,0,0,0
19720000,19716000,2.8081498e-10,1.8283332e-05,0.0017477428,8.2066304e-05,0.003232852,0.005691892,1049239,0,0.2388409,0.37467214,0.0022987197,0.03044729,0.015430253,0.00016011615,0.0,0.0,0.0,0.69,1310988,1310988,6620172,197388,0,0,895,3,1,3,0,2,0,0,0,0,0,0,0
19920000,19916000,2.7225755e-10,1.781221e-05,0.0011563967,3.6538706e-05,0.0011826842,0.0027750311,1049239,0,0.26176572,0.38035718,0.00038121734,0.03044729,0.015430253,1.1754944e-38,0.0,0.0,0.0,0.69,1310988,1310988,6620172,197388,0,0,895,3,1,3,0,2,0,0,0,0,0,0,0
20120000,20116000,2.570808e-10,1.7588056e-05,0.0007870795,6.120027e-05,0.0010115795,0.0018203866,1049239,0,0.28857026,0.3840758,0.0045563476,0.03044729,0.015430253,1.1754944e-38,0.0,0.0,0.0,0.69,1310988,1310988,6620172,197388,0,0,895,3,1,3,0,2,0,0,0,0,0,0,0
20321000,20317000,2.4580576e-10,1.6483189e-05,0.0019382512,3.0316809e-05,0.0012899827,0.0019375744,1049239,0,0.32106096,0.38797626,0.004086157,0.03044729,0.015430253,1.1754944e-38,0.0,0.0,0.0,0.69,1310988,1310988,6620172,197388,0,0,895,3,1,3,0,2,0,0,0,0,0,0,0
20519000,20515000,2.46118e-10,1.6214022e-05,0.0020375985,7.350594e-05,0.0076336474,0.00795412,1049239,0,0.29683343,0.38753897,9.458962e-05,0.02788695,0.01294985,1.1754944e-38,0.0,0.0,0.0,0.69,1310988,1310988,6620172,197388,0,0,895,3,1,3,0,2,0,0,0,0,0,0,0
20721000,20717000,2.9133723e-10,1.6709058e-05,0.0028283033,8.83892e-05,0.005868161,0.004769752,1049239,0,0.2847712,0.387082,0.0016238467,0.011938986,0.0074407486,1.1754944e-38,0.0,0.0,0.0,0.69,1310988,1310988,6620172,197388,0,0,895,3,1,3,0,2,0,0,0,0,0,0,0
20922000,20918000,3.234208e-10,1.6852662e-05,0.0030010315,1.947361e-05,0.0029702936,0.0034402295,1049239,0,0.3156875,0.3909253,0.0020177576,0.011938986,0.0074407486,1.1754944e-38,0.0,0.0,0.0,0.69,1310988,1310988,6620172,197388,0,0,895,3,1,3,0,2,0,0,0,0,0,0,0
21121000,21117000,3.2103992e-10,1.6853348e-05,0.0029443703,2.5470368e-05,0.0016089297,0.0025114026,1049239,0,0.35534763,0.39756867,0.004453764,0.011938986,0.0074407486,1.1754944e-38,0.0,0.0,0.0,0.69,1310988,1310988,6620172,197388,0,0,895,3,1,3,0,2,0,0,0,0,0,0,0
21322000,21318000,3.3877054e-10,1.7241533e-05,0.0032071243,8.325648e-05,0.0010695152,0.0020172596,1049239,0,0.404816,0.4020147,0.0020818172,0.011938986,0.0074407486,1.1754944e-38,0.0,0.0,0.0,0.69,1310988,1310988,6620172,197388,0,0,895,3,1,3,0,2,0,0,0,0,0,0,0
21520000,21516000,3.2438688e-10,1.7039632e-05,0.0034493392,7.85287e-05,0.016280208,0.014851616,1049239,0,0.3459614,0.40089864,0.004485248,0.024741674,0.0016888885,1.1754944e-38,0.0,0.0,0.0,0.69,1310988,1310988,6620172,197388,0,0,895,3,1,3,0,2,0,0,0,0,0,0,0
21727000,21723000,2.1279059e-09,3.912293e-05,0.019366514,7.6625e-05,0.0083756,0.009540759,1049239,0,0.37711567,0.40430906,0.007647576,0.024741674,0.0016888885,1.1754944e-38,0.0,0.0,0.0,0.69,1310988,1310988,6620172,197388,0,0,895,3,1,3,0,2,0,0,0,0,0,0,0
21920000,21916000,4.8040776e-09,4.638031e-05,0.012461961,8.803731e-05,0.0667502,0.14367199,1049239,0,0.29049617,0.40047786,0.008653152,0.17605434,0.018592592,1.1754944e-38,0.0,0.0,0.0,0.69,1310988,1310988,6620172,197388,0,0,895,3,1,3,0,2,0,0,0,0,0,0,0
22120000,22116000,3.3614826e-09,3.716237e-05,0.007654532,0.00014937053,0.039227646,0.08782055,663,0,0.25380203,0.39522174,0.009103804,0.051246434,0.0216278,0.02004848,0.0,0.0,0.0,0.69,1310988,1310988,6620172,197388,0,0,895,3,1,3,0,2,0,0,0,0,0,0,0
22322000,22318000,2.24402e-09,2.9726496e-05,0.0050040586,0.0001556498,0.023649331,0.04991869,663,0,0.23148644,0.39248076,0.0020809218,0.035843574,0.0046240957,0.016058393,0.0,0.0,0.0,0.69,1310988,1310988,6620172,197388,0,0,895,3,1,3,0,2,0,0,0,0,0,0,0
22519000,22515000,1.873263e-09,2.5789059e-05,0.0032836453,4.333594e-05,0.006124926,0.009939812,663,0,0.24876925,0.39552703,0.009910818,0.035843574,0.0046240957,0.016654298,0.0,0.0,0.0,0.69,1310988,1310988,6620172,197388,0,0,895,3,1,3,0,2,0,0,0,0,0,0,0
22720000,22716000,1.4722733e-09,2.3305525e-05,0.0028129301,0.0014721958,0.00566162,0.018615197,8389271,0,0.26861203,0.3986367,0.0068137795,0.035843574,0.0046240957,0.015954116,0.0,0.0,0.0,0.69,1310988,1310988,6620172,197388,0,0,895,3,1,3,0,3,0,0,0,0,0,0,0
22922000,22918000,1.0726326e-09,2.0605345e-05,0.0020377887,0.0007636621,0.008821725,0.018499933,8389271,0,0.26119792,0.3972943,0.0028549186,0.04956214,0.017559292,0.014406148,0.0,0.0,0.0,0.69,1310988,1310988,6620172,197388,0,0,895,3,1,3,0,3,0,0,0,0,0,0,0
23122000,23118000,8.25768e-10,2.0494757e-05,0.0013905688,0.00051960786,0.014862979,0.015603382,8389271,0,0.23645559,0.39203376,0.004051402,0.0507922,0.014427743,0.012331729,0.0,0.0,0.0,0.69,1310988,1310988,6620172,197388,0,0,895,3,1,3,0,3,0,0,0,0,0,0,0
23322000,23318000,8.806691e-10,2.0419753e-05,0.00094305386,9.8268916e-05,0.0077962773,0.013183441,8389271,0,0.23419207,0.3908433,3.6979374e-05,0.035314977,0.017681824,0.016277451,0.0,0.0,0.0,0.69,1310988,1310988,6620172,197388,0,0,895,3,1,3,0,3,0,0,0,0,0,0,0
23522000,23518000,7.084193e-10,1.9563317e-05,0.00067429163,0.0003421203,0.009856822,0.01325923,8389271,0,0.21824914,0.38866785,0.0033746175,0.03358612,0.025330093,0.016764687,0.0,0.0,0.0,0.69,1310988,1310988,6620172,197388,0,0,895,3,1,3,0,3,0,0,0,0,0,0,0
23719000,23715000,7.764158e-10,1.945335e-05,0.00063923874,0.00027259372,0.008575453,0.020946477,8389271,0,0.23450686,0.3909335,0.007708506,0.03358612,0.025330093,0.013685036,0.0,0.0,0.0,0.69,1310988,1310988,6620172,197388,0,0,895,3,1,3,0,3,0,0,0,0,0,0,0
23920000,23915000,8.278361e-10,1.8901714e-05,0.00049200887,0.00018875189,0.008862293,0.024876349,8389271,0,0.25644705,0.39337724,0.00057373475,0.03358612,0.025330093,0.01263375,0.0,0.0,0.0,0.69,1310988,1310988,6620172,197388,0,0,895,3,1,3,0,3,0,0,0,0,0,0,0
24120000,24116000,7.8969914e-10,1.896687e-05,0.00051361736,1.8962473e-05,0.009023995,0.026313854,8389271,0,0.28525564,0.39603853,6.723996e-05,0.03358612,0.025330093,0.014580042,0.0,0.0,0.0,0.69,1310988,1310988,6620172,197388,0,0,895,3,1,3,0,3,0,0,0,0,0,0,0
24321000,24316000,7.346426e-10,1.8832103e-05,0.00041295923,8.81356e-05,0.008721068,0.025359483,8389271,0,0.32170486,0.39894965,0.0019020471,0.03358612,0.025330093,0.01195186,0.0,0.0,0.0,0.69,1310988,1310988,6620172,197388,0,0,895,3,1,3,0,3,0,0,0,0,0,0,0
24522000,24518000,6.317601e-10,1.8761975e-05,0.0005747241,7.017265e-05,0.00820307,0.023694063,8389271,0,0.3661652,0.40213177,0.000340253,0.03358612,0.025330093,0.008527718,0.0,0.0,0.0,0.69,1310988,1310988,6620172,197388,0,0,895,3,1,3,0,3,0,0,0,0,0,0,0
24722000,24718000,5.5901905e-10,1.8765382e-05,0.0005022281,9.2933115e-05,0.011864788,0.027731698,8389271,0,0.3194189,0.40320897,0.0034464332,0.025319058,0.017299114,0.008667259,0.0,0.0,0.0,0.69,1310988,1310988,6620172,197388,0,0,831,3,1,3,0,3,0,0,0,0,0,0,0
24919000,24915000,5.8098343e-10,1.8996561e-05,0.0005604764,0.0001869359,0.008118879,0.020019077,8389271,0,0.35819098,0.4067272,0.007605919,0.025319058,0.017299114,0.00693866,0.0,0.0,0.0,0.69,1310988,1310988,6620172,197388,0,0,831,3,1,3,0,3,0,0,0,0,0,0,0
25119000,25115000,7.12837e-10,1.8861747e-05,0.00044030178,0.00018184389,0.015323455,0.022037294,8389271,0,0.28332385,0.40024358,0.0038034215,0.026988171,0.010643791,0.004971846,0.0,0.0,0.0,0.69,1310988,1310988,6620172,197388,0,0,831,3,1,3,0,3,0,0,0,0,0,0,0
25320000,25315000,9.127455e-10,1.9027417e-05,0.00038083896,0.00010766517,0.0077435467,0.011831461,8389271,0,0.2505971,0.3946213,0.0075640213,0.017196814,0.01146134,0.009022092,0.0,0.0,0.0,0.69,1310988,1310988,6620172,197388,0,0,831,3,1,3,0,3,0,0,0,0,0,0,0
25521000,25517000,9.373103e-10,1.9068453e-05,0.000628492,5.807046e-05,0.008307945,0.01246924,8389271,0,0.23084022,0.3896656,0.00088448066,0.04628315,0.020369364,0.012508296,0.0,0.0,0.0,0.69,1310988,1310988,6620172,197388,0,0,831,3,1,3,0,3,0,0,0,0,0,0,0
25722000,25718000,9.55389e-10,1.928555e-05,0.0011863437,5.431616e-05,0.004103841,0.008269793,8389271,0,0.23130068,0.38870263,0.007935154,0.015803225,0.02441907,0.009674587,0.0,0.0,0.0,0.69,1310988,1310988,6620172,197388,0,0,831,3,1,3,0,3,0,0,0,0,0,0,0
25919000,25915000,7.8120577e-10,1.861533e-05,0.0009610596,8.570658e-05,0.0022022503,0.0056390227,8389271,0,0.23188464,0.390232,0.0019144518,0.015156194,0.018853469,0.010684326,0.0,0.0,0.0,0.69,1310988,1310988,6620172,197388,0,0,831,3,1,3,0,3,0,0,0,0,0,0,0
26119000,26115000,6.516275e-10,1.8113893e-05,0.0006852824,0.00016491383,0.007811705,0.0137199415,8389271,0,0.21798505,0.38581413,0.0049736584,0.04130414,0.016092839,0.0092068575,0.0,0.0,0.0,0.69,1310988,1310988,6620172,197388,0,0,831,3,1,3,0,3,0,0,0,0,0,0,0
26321000,26317000,5.7373467e-10,1.8032653e-05,0.00076893304,6.2637206e-05,0.008491137,0.015357578,8389271,0,0.22126609,0.38517532,0.0071823387,0.033900894,0.02824565,0.005083081,0.0,0.0,0.0,0.69,1310988,1310988,6620172,197388,0,0,831,3,1,3,0,3,0,0,0,0,0,0,0
26522000,26518000,5.578611e-10,1.7654553e-05,0.00072825,1.9134815e-05,0.004048486,0.0075974925,8389271,0,0.2244876,0.38463962,0.0029137232,0.027205957,0.017693264,0.010931291,0.0,0.0,0.0,0.69,1310988,1310988,6620172,197388,0,0,831,3,1,3,0,3,0,0,0,0,0,0,0
26720000,26716000,5.9940436e-10,1.8491066e-05,0.0008267405,5.6334346e-05,0.0050448016,0.010061989,8389271,0,0.22633363,0.38414046,0.008009996,0.021749035,0.02090592,0.009751893,0.0,0.0,0.0,0.69,1310988,1310988,6620172,197388,0,0,831,3,1,3,0,3,0,0,0,0,0,0,0
26923000,26919000,6.108663e-10,1.8410483e-05,0.0008729373,3.9518778e-05,0.017627666,0.034128547,8389271,0,0.2139908,0.38018104,0.005142321,0.11175373,0.0110371625,0.0053547183,0.0,0.0,0.0,0.69,1310988,1310988,6620172,197388,0,0,831,3,1,3,0,3,0,0,0,0,0,0,0
27122000,27118000,4.9542676e-10,1.8451403e-05,0.0010817959,6.8409194e-05,0.017415753,0.033889905,8389271,0,0.21689737,0.37984428,0.0016952314,0.092501596,0.002876623,0.0017548248,0.0,0.0,0.0,0.69,1310988,1310988,6620172,197388,0,0,831,3,1,3,0,3,0,0,0,0,0,0,0
27322000,27318000,4.784977e-10,1.8370982e-05,0.0007482056,5.912821e-05,0.0075982115,0.01384951,8389271,0,0.23620892,0.38568777,0.0001793614,0.092501596,0.002876623,0.0008000385,0.0,0.0,0.0,0.69,1310988,1310988,6620172,197388,0,0,831,3,1,3,0,3,0,0,0,0,0,0,0
27522000,27518000,4.5691323e-10,1.8009538e-05,0.0005638886,2.8541228e-05,0.0038039903,0.005177823,8389271,0,0.25829244,0.38985685,0.00030670813,0.092501596,0.002876623,0.0034952017,0.0,0.0,0.0,0.69,1310988,1310988,6620172,197388,0,0,831,3,1,3,0,3,0,0,0,0,0,0,0
27721000,27717000,4.4611262e-10,1.7917384e-05,0.0008724953,5.111666e-05,0.008392418,0.011844096,8389271,0,0.25478396,0.38951662,0.0021198257,0.07370753,0.0019290769,0.0038562445,0.0,0.0,0.0,0.69,1310988,1310988,6620172,197388,0,0,831,3,1,3,0,3,0,0,0,0,0,0,0
27920000,27916000,5.1062526e-10,1.8181347e-05,0.0010834677,6.5507294e-05,0.0077533904,0.01096823,8389271,0,0.23332311,0.38477975,0.0060666525,0.021392977,0.019613886,0.0014345187,0.0,0.0,0.0,0.69,1310988,1310988,6620172,197388,0,0,831,3,1,3,0,3,0,0,0,0,0,0,0
28119000,28115000,4.6426582e-10,1.785234e-05,0.0012431702,9.383063e-05,0.0026991607,0.007990025,8389271,0,0.21898551,0.38061327,0.008295991,0.020027565,0.022086037,0.0017148376,0.0,0.0,0.0,0.69,1310988,1310988,6620172,197388,0,0,831,3,1,3,0,3,0,0,0,0,0,0,0
28322000,28318000,5.5266647e-10,1.8406741e-05,0.0012450808,0.00011282516,0.0016367747,0.008354405,8389271,0,0.20862485,0.3769005,0.00475897,0.014270819,0.029461885,0.00028793313,0.0,0.0,0.0,0.69,1310988,1310988,6620172,197388,0,0,831,3,1,3,0,3,0,0,0,0,0,0,0
28519000,28515000,5.409665e-10,1.8131304e-05,0.0010199359,1.843068e-05,0.0030549138,0.010695259,8389271,0,0.22566508,0.38303006,0.0067042084,0.014270819,0.029461885,0.0009838806,0.0,0.0,0.0,0.69,1310988,1310988,6620172,197388,0,0,831,3,1,3,0,3,0,0,0,0,0,0,0
28719000,28715000,5.2111554e-10,1.8236182e-05,0.0007235886,0.00010374191,0.0070512444,0.017489167,8389271,0,0.21352708,0.37913707,0.0008648956,0.022417646,0.0073745823,0.006060088,0.0,0.0,0.0,0.69,1310988,1310988,6620172,197388,0,0,831,3,1,3,0,3,0,0,0,0,0,0,0
28920000,28915000,5.586452e-10,1.8382687e-05,0.00054685306,8.3012805e-05,0.009969402,0.025395134,8389271,0,0.20453526,0.37563714,0.0005748485,0.0443396,0.019745639,0.0014942589,0.0,0.0,0.0,0.69,1310988,1310988,6620172,197388,0,0,831,3,1,3,0,3,0,0,0,0,0,0,0
29120000,29116000,4.9358806e-10,1.8186412e-05,0.0005394318,5.692397e-05,0.006554028,0.018544963,8389271,0,0.19761632,0.37246367,0.0019376498,0.020267062,0.023353744,0.002784054,0.0,0.0,0.0,0.69,1310988,1310988,6620172,197388,0,0,831,3,1,3,0,3,0,0,0,0,0,0,0
29320000,29316000,4.8321597e-10,1.7995017e-05,0.00041902065,5.247961e-05,0.0031071536,0.011990143,8389271,0,0.19216435,0.36956185,0.003252512,0.011483931,0.01738377,0.0043469295,0.0,0.0,0.0,0.69,1310988,1310988,6620172,197388,0,0,831,3,1,3,0,3,0,0,0,0,0,0,0
29520000,29516000,4.829538e-10,1.7683347e-05,0.0003528226,0.0001348525,0.006489602,0.016550135,8389271,0,0.18780567,0.3668903,0.0057637114,0.02890423,0.026138756,0.0013222874,0.0,0.0,0.0,0.69,1310988,1310988,6620172,197388,0,0,831,3,1,3,0,3,0,0,0,0,0,0,0
29719000,29715000,5.4700966e-10,1.8390647e-05,0.0007958468,8.472248e-05,0.004842796,0.011759095,8389271,0,0.19317432,0.36931002,0.0004950024,0.02528895,0.0075749177,0.0037736534,0.0,0.0,0.0,0.69,1310988,1310988,6620172,197388,0,0,831,3,1,3,0,3,0,0,0,0,0,0,0
29921000,29916000,4.9189985e-10,1.8184994e-05,0.0007486129,9.73673e-05,0.0042965375,0.012252929,8389271,0,0.18876511,0.36674342,0.007279398,0.031967584,0.016445141,0.00369328,0.0,0.0,0.0,0.69,1310988,1310988,6620172,197388,0,0,831,3,1,3,0,3,0,0,0,0,0,0,0
30123000,30119000,4.832064e-10,1.8561932e-05,0.0009347679,0.0002036574,0.007650612,0.01554901,8389271,0,0.18520975,0.3643641,0.0031701296,0.032728314,0.022630755,0.003313574,0.0,0.0,0.0,0.69,1310988,1310988,6620172,197388,0,0,831,3,1,3,0,3,0,0,0,0,0,0,0
30319000,30315000,5.4334154e-10,1.8832065e-05,0.00072132325,3.7364684e-05,0.0036390654,0.011255281,8389271,0,0.19044283,0.36483437,0.008267018,0.015506184,0.010506793,0.006380581,0.0,0.0,0.0,0.69,1310988,1310988,6620172,197388,0,0,831,3,1,3,0,3,0,0,0,0,0,0,0
30519000,30515000,5.708548e-10,1.8810864e-05,0.00053317676,0.0002785326,0.006772351,0.014873308,8389271,0,0.1866779,0.36255634,0.008597522,0.045941968,0.015213174,0.0024996714,0.0,0.0,0.0,0.69,1310988,1310988,6620172,197388,0,0,831,3,1,3,0,3,0,0,0,0,0,0,0
30719000,30715000,6.238067e-10,1.7926279e-05,0.00042856688,0.00014607316,0.0025105083,0.0069446913,8389271,0,0.18362513,0.3604335,0.005709019,0.03618265,0.012897638,0.003470183,0.0,0.0,0.0,0.69,1310988,1310988,6620172,197388,0,0,831,3,1,3,0,3,0,0,0,0,0,0,0
30920000,30916000,5.3629645e-10,1.7525459e-05,0.0005461562,0.0001750416,0.0043004192,0.010206917,8389271,0,0.18113855,0.3584484,0.006128573,0.020550543,0.020523816,0.0035043764,0.0,0.0,0.0,0.69,1310988,1310988,6620172,197388,0,0,831,3,1,3,0,3,0,0,0,0,0,0,0
31124000,31120000,1.0397433e-09,2.7620117e-05,0.007035459,0.0001371121,0.003924621,0.0051602013,8389271,0,0.1756063,0.35768396,0.0017749827,0.021544551,0.016565436,0.005133085,0.0,0.0,0.0,0.69,1310988,1310988,6620172,197388,0,0,831,3,1,3,0,3,0,0,0,0,0,0,0
31326000,31322000,9.210538e-10,2.4505562e-05,0.0046421397,0.00022868604,0.005453077,0.009022875,8389271,0,0.17669077,0.3548519,0.00042954084,0.033280183,0.023164017,0.0077510723,0.0,0.0,0.0,0.69,1310988,1310988,6620172,197388,0,0,831,3,1,3,0,3,0,0,0,0,0,0,0
31519000,31515000,7.489698e-10,2.185383e-05,0.003093264,0.00014804007,0.0029818409,0.0089872,8389271,0,0.18276092,0.35726568,0.0026720222,0.044531874,0.0135804415,0.0022184846,0.0,0.0,0.0,0.69,1310988,1310988,6620172,197388,0,0,831,3,1,3,0,3,0,0,0,0,0,0,0
31720000,31716000,6.5938627e-10,1.9331332e-05,0.0021204879,0.00016478266,0.0017691302,0.0034079198,8389271,0,0.18957832,0.3577951,0.007487001,0.023062699,0.017262598,0.0022948522,0.0,0.0,0.0,0.69,1310988,1310988,6620172,197388,0,0,831,3,1,3,0,3,0,0,0,0,0,0,0
31921000,31917000,5.716743e-10,1.8295756e-05,0.0015719254,7.7165794e-05,0.0010284204,0.0025297995,8389271,0,0.20808208,0.36081722,1.9701876e-05,0.023062699,0.017262598,0.0058921995,0.0,0.0,0.0,0.69,1310988,1310988,6620172,197388,0,0,831,3,1,3,0,3,0,0,0,0,0,0,0
32119000,32115000,5.2819543e-10,1.8244056e-05,0.0013673954,3.5679168e-05,0.0007369467,0.0016286409,8389271,0,0.23070118,0.36599,1.0970442e-05,0.023062699,0.017262598,0.0044601923,0.0,0.0,0.0,0.69,1310988,1310988,6620172,197388,0,0,831,3,1,3,0,3,0,0,0,0,0,0,0
32321000,32317000,4.2966192e-10,1.7595563e-05,0.0016985607,4.3553417e-05,0.0017565564,0.005560715,8389271,0,0.2348828,0.3664048,0.0025226292,0.042823672,0.015512021,0.0066643883,0.0,0.0,0.0,0.69,1310988,1310988,6620172,197388,0,0,831,3,1,3,0,3,0,0,0,0,0,0,0
32522000,32518000,4.0318762e-10,1.7491948e-05,0.0013097358,0.00016281563,0.0034712048,0.0057039936,8389271,0,0.21908036,0.3640132,0.001902661,0.0113247065,0.007067158,0.004318417,0.0,0.0,0.0,0.69,1310988,1310988,6620172,197388,0,0,831,3,1,3,0,3,0,0,0,0,0,0,0
32719000,32715000,4.828399e-10,1.7551161e-05,0.0010245079,0.00013202739,0.0032019725,0.006212842,8389271,0,0.22430456,0.36434674,0.005779172,0.009923309,0.020798044,0.005604611,0.0,0.0,0.0,0.69,1310988,1310988,6620172,197388,0,0,831,3,1,3,0,3,0,0,0,0,0,0,0
32919000,32915000,5.6588956e-10,1.9050754e-05,0.000718898,5.7026064e-05,0.0011612189,0.0030365696,8389271,0,0.24970527,0.36739936,0.00045348727,0.009923309,0.020798044,0.0043227705,0.0,0.0,0.0,0.69,1310988,1310988,6620172,197388,0,0,831,3,1,3,0,3,0,0,0,0,0,0,0
33119000,33115000,5.089004e-10,1.87915e-05,0.00052604656,6.5303786e-05,0.00027026192,0.0014432275,8389271,0,0.28008354,0.37060353,0.0061370474,0.009923309,0.020798044,0.0065675005,0.0,0.0,0.0,0.69,1310988,1310988,6620172,197388,0,0,831,3,1,3,0,3,0,0,0,0,0,0,0
33320000,33316000,4.840711e-10,1.8930317e-05,0.0005668785,0.0002310669,0.0050553824,0.0074262517,8389271,0,0.27133596,0.37285268,7.515239e-05,0.018402273,0.01917589,0.0038322501,0.0,0.0,0.0,0.69,1310988,1310988,6620172,197388,0,0,831,3,1,3,0,3,0,0,0,0,0,0,0
33521000,33517000,5.5477817e-10,1.9025076e-05,0.0005576851,0.00023822601,0.0054822764,0.009683438,8389271,0,0.24151026,0.3699746,0.0073810155,0.023605324,0.026039544,0.002217702,0.0,0.0,0.0,0.69,1310988,1310988,6620172,197388,0,0,831,3,1,3,0,3,0,0,0,0,0,0,0
33722000,33718000,5.588622e-10,1.8985333e-05,0.000623891,0.00034449404,0.00828981,0.011982564,8389271,0,0.2240808,0.36731088,0.0029371332,0.034320593,0.01817706,0.003219679,0.0,0.0,0.0,0.69,1310988,1310988,6620172,197388,0,0,831,3,1,3,0,3,0,0,0,0,0,0,0
33919000,33915000,8.0697005e-10,1.9091869e-05,0.0006293033,0.00012683078,0.004132055,0.0054417863,8389271,0,0.22779456,0.3674575,0.0019551206,0.03419978,0.005159472,0.0046651904,0.0,0.0,0.0,0.69,1310988,1310988,6620172,197388,0,0,831,3,1,3,0,3,0,0,0,0,0,0,0
34119000,34115000,7.109891e-10,1.814317e-05,0.00048232166,3.2298805e-05,0.002180856,0.003543298,8389271,0,0.2507425,0.3704261,0.0056479117,0.03419978,0.005159472,0.0041854884,0.0,0.0,0.0,0.69,1310988,1310988,6620172,197388,0,0,831,3,1,3,0,3,0,0,0,0,0,0,0
34322000,34318000,5.836324e-10,1.7327036e-05,0.0008526049,7.280244e-05,0.0029501996,0.0057903817,8389271,0,0.248999,0.37052524,0.0026588521,0.022259926,0.006872285,0.0031891854,0.0,0.0,0.0,0.69,1310988,1310988,6620172,197388,0,0,831,3,1,3,0,3,0,0,0,0,0,0,0
34522000,34518000,5.996212e-10,1.845457e-05,0.0006168491,0.0001590608,0.005369281,0.0069791838,8389271,0,0.22909805,0.36774865,0.0010031171,0.018488389,0.0030980306,0.0044486523,0.0,0.0,0.0,0.69,1310988,1310988,6620172,197388,0,0,831,3,1,3,0,3,0,0,0,0,0,0,0
34719000,34715000,5.996201e-10,1.8124503e-05,0.00059827697,4.873021e-05,0.003437131,0.006401766,8389271,0,0.2319187,0.36993712,0.0025832762,0.0413264,0.019910749,0.0023211061,0.0,0.0,0.0,0.69,1310988,1310988,6620172,197388,0,0,831,3,1,3,0,3,0,0,0,0,0,0,0
34920000,34916000,5.11433e-10,1.8358829e-05,0.0005812843,7.911723e-05,0.0025808453,0.0051937606,8389271,0,0.2330112,0.37005833,0.00061291124,0.029973337,0.0060180817,0.0032012078,0.0,0.0,0.0,0.69,1310988,1310988,6620172,197388,0,0,831,3,1,3,0,3,0,0,0,0,0,0,0
35120000,35116000,5.8815774e-10,1.9005318e-05,0.00045821705,0.00021089755,0.007900792,0.011971788,8389271,0,0.21865444,0.36738932,0.005829779,0.0243441,0.01810256,0.0047633504,0.0,0.0,0.0,0.69,1310988,1310988,6620172,197388,0,0,831,3,1,3,0,3,0,0,0,0,0,0,0
35321000,35317000,8.2392365e-10,1.9527579e-05,0.00052426726,0.00014888136,0.007813797,0.0108787585,8389271,0,0.20844176,0.3649032,0.008105929,0.028882053,0.0152352685,0.0071677566,0.0,0.0,0.0,0.69,1310988,1310988,6620172,197388,0,0,831,3,1,3,0,3,0,0,0,0,0,0,0
35522000,35518000,9.429284e-10,1.9098874e-05,0.0005811394,2.6947218e-05,0.0033303935,0.0047625005,8389271,0,0.20077722,0.36258155,0.0013150718,0.008649171,0.011965246,0.0017405497,0.0,0.0,0.0,0.69,1310988,1310988,6620172,197388,0,0,831,3,1,3,0,3,0,0,0,0,0,0,0
35722000,35718000,8.4433666e-10,1.8784365e-05,0.00045680578,3.6659723e-05,0.005375464,0.011704809,8389271,0,0.19483733,0.36039934,0.0002817356,0.035280477,0.007327754,0.0017521816,0.0,0.0,0.0,0.69,1310988,1310988,6620172,197388,0,0,831,3,1,3,0,3,0,0,0,0,0,0,0
35920000,35916000,6.545036e-10,1.7966213e-05,0.0006864748,4.5790195e-05,0.0015307306,0.0036741274,8389271,0,0.20022377,0.36259142,0.005187318,0.01709143,0.0024207563,0.0071820263,0.0,0.0,0.0,0.69,1310988,1310988,6620172,197388,0,0,831,3,1,3,0,3,0,0,0,0,0,0,0
36122000,36118000,5.7115124e-10,1.7277202e-05,0.00082270295,0.00011122267,0.0049861465,0.008508943,8389271,0,0.19446392,0.36048633,0.0024580865,0.041105676,0.007368355,0.0028009713,0.0,0.0,0.0,0.69,1310988,1310988,6620172,197388,0,0,831,3,1,3,0,3,0,0,0,0,0,0,0
36321000,36317000,5.035048e-10,1.7211034e-05,0.0010677719,3.6217447e-05,0.0033470176,0.0069071767,8389271,0,0.20003149,0.36083558,0.0050937794,0.019306427,0.0164255,0.0050023007,0.0,0.0,0.0,0.69,1310988,1310988,6620172,197388,0,0,831,3,1,3,0,3,0,0,0,0,0,0,0
36522000,36518000,5.733388e-10,1.7164617e-05,0.0008919527,2.748182e-05,0.0029446958,0.008281334,8389271,0,0.19433689,0.35882515,0.0053177103,0.021596462,0.018185414,0.004443025,0.0,0.0,0.0,0.69,1310988,1310988,6620172,197388,0,0,831,3,1,3,0,3,0,0,0,0,0,0,0
36722000,36718000,7.50991e-10,2.0199313e-05,0.0026340408,5.4093354e-05,0.0032064014,0.007605718,8389271,0,0.18981542,0.3569319,0.008280512,0.024434656,0.009101216,0.0006183733,0.0,0.0,0.0,0.69,1310988,1310988,6620172,197388,0,0,831,3,1,3,0,3,0,0,0,0,0,0,0
36920000,36916000,4.6434e-09,3.145472e-05,0.005682612,8.8676476e-05,0.008350531,0.017790942,8389271,0,0.18616463,0.35514015,0.0077810665,0.12120577,0.019805215,0.0036649213,0.0,0.0,0.0,0.69,1310988,1310988,6620172,197388,0,0,831,3,1,3,0,3,0,0,0,0,0,0,0
37120000,37116000,1.8011363e-08,5.562518e-05,0.0074600657,0.00032842509,0.013682415,0.02569386,8389271,0,0.1832108,0.35526282,0.0018664148,0.08451004,0.0063517736,0.0002571799,0.0,0.0,0.0,0.69,1310988,1310988,6620172,197388,0,0,831,3,1,3,0,3,0,0,0,0,0,0,0
37321000,37317000,1.8647132e-08,6.330626e-05,0.008504968,0.00025421372,0.012511885,0.023681546,8389271,0,0.18077293,0.35363558,0.00060443114,0.065134145,0.0024856878,0.0031808992,0.0,0.0,0.0,0.69,1310988,1310988,6620172,197388,0,0,831,3,1,3,0,3,0,0,0,0,0,0,0
37519000,37515000,2.1465652e-08,6.299268e-05,0.009410138,0.0002203842,0.007743509,0.012189428,8389271,0,0.17876503,0.35208964,0.009135931,0.034979004,0.023752978,0.005102254,0.0,0.0,0.0,0.69,1310988,1310988,6620172,197388,0,0,831,3,1,3,0,3,0,0,0,0,0,0,0
37719000,37715000,2.1084396e-08,6.399598e-05,0.009700583,0.00022581282,0.008350002,0.013472515,8389271,0,0.17711392,0.3506198,0.007898168,0.08505906,0.00260606,0.005387771,0.0,0.0,0.0,0.69,1310988,1310988,6620172,197388,0,0,831,3,1,3,0,3,0,0,0,0,0,0,0
37919000,37915000,2.0641007e-08,5.5572815e-05,0.010074283,0.0002689889,0.008003874,0.0130590955,8389271,0,0.1757454,0.34922627,0.004868811,0.090777725,0.009312901,0.0029664985,0.0,0.0,0.0,0.69,1310988,1310988,6620172,197388,0,0,831,3,1,3,0,3,0,0,0,0,0,0,0
38120000,38116000,2.103476e-08,5.8447346e-05,0.010512032,0.00048262873,0.011224396,0.015033112,8389271,0,0.181843,0.34987175,0.003425256,0.11584215,0.022611404,0.0067458204,0.0,0.0,0.0,0.69,1310988,1310988,6620172,197388,0,0,831,3,1,3,0,3,0,0,0,0,0,0,0
38318000,38314000,1.9029383e-08,6.027316e-05,0.01050814,0.0003355453,0.026329208,0.05433462,8389271,0,0.17979246,0.35027468,0.0022628945,0.19013554,0.019224906,0.0043746387,0.0,0.0,0.0,0.69,1310988,1310988,6620172,197388,0,0,831,3,1,3,0,3,0,0,0,0,0,0,0
38519000,38515000,1.6823027e-08,6.269459e-05,0.01064001,0.0002410615,0.034949478,0.07678092,8389271,0,0.17808127,0.34898078,0.0035562504,0.22270545,0.030799508,0.0044694724,0.0,0.0,0.0,0.69,1310988,1310988,6620172,197388,0,0,831,3,1,3,0,3,0,0,0,0,0,0,0
38720000,38716000,1.8938511e-08,6.268018e-05,0.010450163,0.00010890008,0.02394567,0.056823246,8389271,0,0.17664501,0.34774753,0.0021175684,0.04452694,0.016905542,0.0024812617,0.0,0.0,0.0,0.69,1310988,1310988,6620172,197388,0,0,831,3,1,3,0,3,0,0,0,0,0,0,0
38921000,38917000,1.8726547e-08,6.655775e-05,0.0105195595,0.00031153922,0.014096949,0.034865797,8389271,0,0.17547587,0.34657618,0.008259271,0.07379524,0.018408343,0.00138855,0.0,0.0,0.0,0.69,1310988,1310988,6620172,197388,0,0,831,3,1,3,0,3,0,0,0,0,0,0,0
39122000,39118000,1.6507373e-08,6.514274e-05,0.010906817,0.0006696441,0.020331478,0.041280292,8389271,0,0.17449874,0.3454586,0.003377977,0.1411049,0.0129157845,4.6989924e-05,0.0,0.0,0.0,0.69,1310988,1310988,6620172,197388,0,0,831,3,1,3,0,3,0,0,0,0,0,0,0
39322000,39318000,1.7800051e-08,6.64038e-05,0.010593267,0.0005511708,0.019744033,0.038927812,8389271,0,0.1737108,0.34608075,0.011491779,0.118843965,0.0074787196,0.0005229347,0.0,0.0,0.0,0.69,1310988,1310988,6620172,197388,0,0,831,3,1,3,0,3,0,0,0,0,0,0,0
39522000,39518000,1.9580296e-08,6.250848e-05,0.010463501,0.00036250392,0.019849524,0.04406139,8389271,0,0.17303918,0.34505633,0.00471586,0.107635826,0.015501694,0.00070733536,0.0,0.0,0.0,0.69,1310988,1310988,6620172,197388,0,0,831,3,1,3,0,3,0,0,0,0,0,0,0
39719000,39715000,1.9656152e-08,6.0910097e-05,0.010634532,0.00020939377,0.022527311,0.05226989,8389271,0,0.17250179,0.34408242,0.013378474,0.17975916,0.032672692,0.0007485631,0.0,0.0,0.0,0.69,1310988,1310988,6620172,197388,0,0,831,3,1,3,0,3,0,0,0,0,0,0,0
39922000,39918000,1.5644602e-08,6.770609e-05,0.010863238,0.00040725977,0.027125206,0.063069195,8389271,0,0.17204496,0.3431519,0.0026036296,0.17408341,0.011662381,0.00070730026,0.0,0.0,0.0,0.69,1310988,1310988,6620172,197388,0,0,831,3,1,3,0,3,0,0,0,0,0,0,0
40119000,40115000,1.854675e-08,6.801884e-05,0.011601588,0.0007698271,0.01603775,0.035082594,8389271,0,0.17169508,0.3422714,0.004678884,0.10511599,0.02838557,0.0061126053,0.0,0.0,0.0,0.69,1310988,1310988,6620172,197388,0,0,831,3,1,3,0,3,0,0,0,0,0,0,0
40321000,40317000,2.6928978e-08,7.9931924e-05,0.010967626,0.00096457714,0.02004137,0.033715438,8389271,0,0.1714249,0.34142923,0.0031283535,0.1428819,0.02316223,0.00650002,0.0,0.0,0.0,0.69,1310988,1310988,6620172,197388,0,0,831,3,1,3,0,3,0,0,0,0,0,0,0
40519000,40515000,3.0702097e-08,7.7344615e-05,0.011004343,0.0006542284,0.019924186,0.038552523,8389271,0,0.17120443,0.3422526,0.0002528594,0.18098299,0.04364841,0.006551393,0.0,0.0,0.0,0.69,1310988,1310988,6620172,197388,0,0,831,3,1,3,0,3,0,0,0,0,0,0,0
40719000,40715000,2.8035238e-08,7.454611e-05,0.010713874,0.0010642097,0.022487195,0.03937719,8389271,0,0.1710228,0.34147456,0.0059911795,0.16471922,0.030230388,0.009415029,0.0,0.0,0.0,0.69,1310988,1310988,6620172,197388,0,0,831,3,1,3,0,3,0,0,0,0,0,0,0
40921000,40917000,2.4727836e-08,6.8239766e-05,0.010598479,0.0013935979,0.025603332,0.035499267,8389271,0,0.17087975,0.34072942,0.009733408,0.1744176,0.04714808,0.008513974,0.0,0.0,0.0,0.69,1310988,1310988,6620172,197388,0,0,831,3,1,3,0,3,0,0,0,0,0,0,0
41119000,41115000,2.0966526e-08,6.753324e-05,0.010292522,0.0017220805,0.03341989,0.046826012,8389271,0,0.17078173,0.34001523,0.023895485,0.17792843,0.03680685,0.00393916,0.0,0.0,0.0,0.69,1310988,1310988,6620172,197388,0,0,831,3,1,3,0,3,0,0,0,0,0,0,0
41322000,41318000,2.6244773e-08,7.713123e-05,0.01054372,0.0019364454,0.037499834,0.053629197,8389271,0,0.1706848,0.3393303,0.01788693,0.2099596,0.048252646,0.005347137,0.0,0.0,0.0,0.69,1310988,1310988,6620172,197388,0,0,831,3,1,3,0,3,0,0,0,0,0,0,0
41519000,41515000,2.9818473e-08,7.158476e-05,0.010910994,0.0011309145,0.024531502,0.038687162,8389271,0,0.17060955,0.33867276,0.02864858,0.10401703,0.020193722,0.0061120554,0.0,0.0,0.0,0.69,1310988,1310988,6620172,197388,0,0,831,3,1,3,0,3,0,0,0,0,0,0,0
41720000,41716000,2.5712769e-08,6.882804e-05,0.009689912,0.00054636196,0.00474851,0.012628299,8389271,0,0.17055973,0.33963344,0.00823261,0.09609382,0.043748647,0.0115552815,0.0,0.0,0.0,0.69,1310988,1310988,6620172,197388,0,0,831,3,1,3,0,3,0,0,0,0,0,0,0
41916000,41916000,1.870659e-08,5.7986308e-05,0.007190712,0.0003068548,0.021088082,0.037483014,8389271,0,0.17044638,0.3390234,0.0077530085,0.058326885,0.030171333,0.006235964,0.0,0.0,0.0,0.69,1310988,1310988,6620172,197388,0,0,831,3,1,3,0,3,0,0,0,0,0,0,0
42125000,42125000,1.2154907e-08,4.226292e-05,0.004602884,0.0004282898,0.021251626,0.036318276,8389271,0,0.17103143,0.33890846,0.013244596,0.0428386,0.017559107,0.008552922,0.0,0.0,0.0,0.69,1310988,1310988,6620172,197388,0,0,831,3,1,3,0,3,0,0,0,0,0,0,0
42324000,42324000,8.5817184e-09,3.4397504e-05,0.0034005109,0.00036203075,0.023914075,0.037672922,8389271,0,0.17091118,0.3383399,0.014830247,0.032337174,0.026600933,0.0096716285,0.0,0.0,0.0,0.69,1310988,1310988,6620172,197388,0,0,831,3,1,3,0,3,0,0,0,0,0,0,0
42525000,42525000,6.492799e-09,2.9253837e-05,0.002293635,0.00040196144,0.027179131,0.044334013,8389271,0,0.17080669,0.33778697,0.0041212672,0.043123912,0.0015635575,0.0067169783,0.0,0.0,0.0,0.69,1310988,1310988,6620172,197388,0,0,831,3,1,3,0,3,0,0,0,0,0,0,0
42727000,42727000,5.015921e-09,2.5655523e-05,0.0017765745,0.00040929118,0.026016658,0.04285495,8389271,0,0.17071551,0.33725291,0.0129294,0.046015847,0.027708469,0.0036030582,0.0,0.0,0.0,0.69,1310988,1310988,6620172,197388,0,0,831,3,1,3,0,3,0,0,0,0,0,0,0
42927000,42927000,4.124957e-09,2.6383505e-05,0.0019628378,0.0004041364,0.025317056,0.04229126,8389271,0,0.17063215,0.33674106,0.016789738,0.028018694,0.028498154,0.003354677,0.0,0.0,0.0,0.69,1310988,1310988,6620172,197388,0,0,831,3,1,3,0,3,0,0,0,0,0,0,0
43127000,43127000,3.3133085e-09,2.5148282e-05,0.0018840058,0.00043646767,0.026556456,0.046770785,8389271,0,0.17055723,0.3378215,0.019151568,0.040925782,0.008442665,0.00045589474,0.0,0.0,0.0,0.69,1310988,1310988,6620172,197388,0,0,831,3,1,3,0,3,0,0,0,0,0,0,0
43316000,43316000,2.7521239e-09,2.3557672e-05,0.0014043534,0.00059378473,0.028764373,0.04775312,8389271,0,0.169782,0.33687395,0.004612142,0.07262988,0.01590665,0.0030109005,0.0,0.0,0.0,0.69,1310988,1310988,6620172,197388,0,0,831,3,1,3,0,3,0,0,0,0,0,0,0
43526000,43526000,2.231061e-09,2.2258548e-05,0.0012556777,0.00059921364,0.029151492,0.047253612,8389271,0,0.17043339,0.33690915,0.0045360667,0.08725534,0.014658153,0.0060161524,0.0,0.0,0.0,0.69,1310988,1310988,6620172,197388,0,0,831,3,1,3,0,3,0,0,0,0,0,0,0
43727000,43727000,1.7476912e-09,2.0586143e-05,0.0010408428,0.00056426204,0.028695093,0.04760831,8389271,0,0.17038232,0.33647442,0.0035254634,0.060092263,0.016152661,0.0016844881,0.0,0.0,0.0,0.69,1310988,1310988,6620172,197388,0,0,831,3,1,3,0,3,0,0,0,0,0,0,0
43916000,43916000,1.4694114e-09,2.015052e-05,0.0008699219,0.00046662585,0.025084814,0.041845374,8389271,0,0.16962892,0.3355769,0.0028568613,0.04527987,0.009315433,0.00092809816,0.0,0.0,0.0,0.69,1310988,1310988,6620172,197388,0,0,831,3,1,3,0,3,0,0,0,0,0,0,0
44127000,44127000,1.1018925e-09,1.9903558e-05,0.0010567796,0.0005745692,0.025721358,0.04468494,8389271,0,0.17029661,0.33565548,0.00852279,0.08772248,0.030027384,0.00036433313,0.0,0.0,0.0,0.69,1310988,1310988,6620172,197388,0,0,831,3,1,3,0,3,0,0,0,0,0,0,0
44316000,44316000,8.418226e-10,1.9435429e-05,0.0009352988,0.00073798414,0.027756585,0.04704675,8389271,0,0.16955526,0.33632404,0.013110187,0.09721482,0.011109248,0.0011348462,0.0,0.0,0.0,0.69,1310988,1310988,6620172,197388,0,0,831,3,1,3,0,3,0,0,0,0,0,0,0
44526000,44526000,7.372132e-10,1.9727957e-05,0.0009198154,0.0006821914,0.026537398,0.046613757,8389271,0,0.17023124,0.3364227,0.012502233,0.0808672,0.0028338965,5.2970747e-05,0.0,0.0,0.0,0.69,1310988,1310988,6620172,197388,0,0,831,3,1,3,0,3,0,0,0,0,0,0,0
44716000,44716000,6.470237e-10,1.8863653e-05,0.0009306542,0.00064164324,0.027125048,0.050935168,8389271,0,0.16949989,0.33555844,0.012166907,0.077319965,0.01877086,5.23739e-05,0.0,0.0,0.0,0.69,1310988,1310988,6620172,197388,0,0,831,3,1,3,0,3,0,0,0,0,0,0,0
44920000,44920000,6.314539e-10,1.8334084e-05,0.00097316824,0.000568829,0.023197532,0.044565592,8389271,0,0.16947716,0.33519173,0.0018387369,0.06852178,0.017309925,0.0014246333,0.0,0.0,0.0,0.69,1310988,1310988,6620172,197388,0,0,831,3,1,3,0,3,0,0,0,0,0,0,0
45126000,45126000,8.012965e-10,1.9159375e-05,0.0011031687,0.00060576113,0.017811215,0.03264265,8389271,0,0.17016117,0.33531752,0.01251022,0.075252086,0.037541766,0.0020945633,0.0,0.0,0.0,0.69,1310988,1310988,6620172,197388,0,0,831,3,1,3,0,3,0,0,0,0,0,0,0
45327000,45327000,8.487185e-10,1.9245834e-05,0.0008921738,0.0007145229,0.01729655,0.029076515,8389271,0,0.17014357,0.33496806,0.00083782367,0.115458176,0.016904362,0.0017311645,0.0,0.0,0.0,0.69,1310988,1310988,6620172,197388,0,0,831,3,1,3,0,3,0,0,0,0,0,0,0
45516000,45516000,8.5087737e-10,1.9140345e-05,0.0007815095,0.00080319255,0.019869883,0.033892322,8389271,0,0.16941798,0.3356803,0.0012480703,0.10006612,0.041407857,0.0012554026,0.0,0.0,0.0,0.69,1310988,1310988,6620172,197388,0,0,831,3,1,3,0,3,0,0,0,0,0,0,0
45720000,45720000,7.516131e-10,1.810718e-05,0.0010531914,0.0008003825,0.017557003,0.02691749,8389271,0,0.169403,0.33534545,0.004144989,0.09160697,0.01867009,0.00027576165,0.0,0.0,0.0,0.69,1310988,1310988,6620172,197388,0,0,831,3,1,3,0,3,0,0,0,0,0,0,0
45916000,45916000,6.242554e-10,1.8088122e-05,0.00085123116,0.00063543185,0.014139607,0.022222506,8389271,0,0.1693935,0.33501506,0.005878437,0.07523318,0.0141497655,0.00021039661,0.0,0.0,0.0,0.69,1310988,1310988,6620172,197388,0,0,831,3,1,3,0,3,0,0,0,0,0,0,0
46125000,46125000,5.8496885e-10,1.772754e-05,0.0007415343,0.0006890797,0.013203276,0.021704022,8389271,0,0.17009036,0.33518127,0.010497517,0.088516116,0.018142717,0.0019078279,0.0,0.0,0.0,0.69,1310988,1310988,6620172,197388,0,0,831,3,1,3,0,3,0,0,0,0,0,0,0
46326000,46326000,5.6238103e-10,1.765209e-05,0.00072556175,0.00061050616,0.009993517,0.017019844,8389271,0,0.17008463,0.3348626,0.0014242686,0.08292281,0.028103556,0.00051043165,0.0,0.0,0.0,0.69,1310988,1310988,6620172,197388,0,0,831,3,1,3,0,3,0,0,0,0,0,0,0
46527000,46527000,6.491213e-10,1.8895014e-05,0.0006725183,0.00053094066,0.008117926,0.015143975,8389271,0,0.17007867,0.33455124,0.008051388,0.061660793,0.012730646,0.0003173671,0.0,0.0,0.0,0.69,1310988,1310988,6620172,197388,0,0,831,3,1,3,0,3,0,0,0,0,0,0,0
46726000,46726000,6.8301986e-10,1.8841884e-05,0.0009947437,0.00056066626,0.005927346,0.009693231,8389271,0,0.17006817,0.3357816,0.0015145979,0.064930715,0.02442192,0.00067139074,0.0,0.0,0.0,0.69,1310988,1310988,6620172,197388,0,0,831,3,1,3,0,3,0,0,0,0,0,0,0
46919000,46919000,6.365552e-10,1.9179015e-05,0.0007980547,0.00061899965,0.0059466204,0.0070072594,8389271,0,0.16935493,0.3349851,0.0011385019,0.0631619,0.0046454114,0.0014116414,0.0,0.0,0.0,0.69,1310988,1310988,6620172,197388,0,0,831,3,1,3,0,3,0,0,0,0,0,0,0
47116000,47116000,6.114368e-10,1.836464e-05,0.00064758613,0.0006076096,0.007235511,0.011497102,8389271,0,0.16935015,0.3346898,0.00011092959,0.068993464,0.015027407,0.0036512024,0.0,0.0,0.0,0.69,1310988,1310988,6620172,197388,0,0,831,3,1,3,0,3,0,0,0,0,0,0,0
47316000,47316000,5.562442e-10,1.7930348e-05,0.0004856288,0.0005929991,0.0050772675,0.009594787,8389271,0,0.16934316,0.3343959,0.001254377,0.06943414,0.03374732,0.004590092,0.0,0.0,0.0,0.69,1310988,1310988,6620172,197388,0,0,831,3,1,3,0,3,0,0,0,0,0,0,0
47516000,47516000,5.194389e-10,1.820636e-05,0.0003845516,0.000501347,0.003777131,0.008762357,8389271,0,0.16933595,0.33410737,0.0008201386,0.0652617,0.03154074,0.0016742464,0.0,0.0,0.0,0.69,1310988,1310988,6620172,197388,0,0,831,3,1,3,0,3,0,0,0,0,0,0,0
47716000,47716000,4.899707e-10,1.7617434e-05,0.00033017382,0.00048863486,0.0049244,0.010175735,8389271,0,0.16932918,0.33535737,0.0008131948,0.048799653,0.025654998,0.0053851027,0.0,0.0,0.0,0.69,1310988,1310988,6620172,197388,0,0,831,3,1,3,0,3,0,0,0,0,0,0,0
47916000,47916000,4.3765996e-10,1.6669204e-05,0.00029898397,0.0005566916,0.003020918,0.007299899,8389271,0,0.16932207,0.33507946,0.0115442015,0.078578465,0.039395723,0.0017245795,0.0,0.0,0.0,0.69,1310988,1310988,6620172,197388,0,0,831,3,1,3,0,3,0,0,0,0,0,0,0
48116000,48116000,4.3575388e-10,1.6886368e-05,0.00028619778,0.0005677848,0.0012679638,0.0038798614,8389271,0,0.16931324,0.3348016,0.0059591993,0.06584581,0.045409568,0.0033349202,0.0,0.0,0.0,0.69,1310988,1310988,6620172,197388,0,0,831,3,1,3,0,3,0,0,0,0,0,0,0
48326000,48326000,5.258586e-10,1.695421e-05,0.00061173155,0.00059461145,0.0027202487,0.005711245,8389271,0,0.17001027,0.33501965,0.01009445,0.08971429,0.030375967,0.0036259936,0.0,0.0,0.0,0.69,1310988,1310988,6620172,197388,0,0,831,3,1,3,0,3,0,0,0,0,0,0,0
48524000,48524000,6.264516e-10,1.7193159e-05,0.00069741666,0.0006056973,0.0022500085,0.0045580096,8389271,0,0.1700053,0.3347455,0.0011847368,0.07991408,0.016219003,0.0029499966,0.0,0.0,0.0,0.69,1310988,1310988,6620172,197388,0,0,831,3,1,3,0,3,0,0,0,0,0,0,0
48716000,48716000,6.652934e-10,1.7937762e-05,0.0005861771,0.00029585417,0.006063833,0.008699852,8389271,0,0.16929346,0.33397982,0.009516472,0.0252575,0.01296485,0.005112319,0.0,0.0,0.0,0.69,1310988,1310988,6620172,197388,0,0,831,3,1,3,0,3,0,0,0,0,0,0,0
48925000,48925000,7.428613e-10,1.8616076e-05,0.000604634,0.0002538648,0.009776796,0.015129127,8389271,0,0.16998652,0.33420023,0.010405484,0.026038822,0.01850124,0.0031381971,0.0,0.0,0.0,0.69,1310988,1310988,6620172,197388,0,0,831,3,1,3,0,3,0,0,0,0,0,0,0
49126000,49126000,6.55376e-10,1.8816554e-05,0.00063174125,0.00043770447,0.006919447,0.012004258,8389271,0,0.16997936,0.33546355,0.0060993447,0.060902357,0.032552272,0.000105647414,0.0,0.0,0.0,0.69,1310988,1310988,6620172,197388,0,0,831,3,1,3,0,3,0,0,0,0,0,0,0
49326000,49326000,5.2742954e-10,1.7958482e-05,0.00048636968,0.0002812569,0.008937788,0.013327467,8389271,0,0.16997534,0.3351965,0.010267201,0.04465185,0.022369182,0.006191201,0.0,0.0,0.0,0.69,1310988,1310988,6620172,197388,0,0,831,3,1,3,0,3,0,0,0,0,0,0,0
49527000,49527000,5.105109e-10,1.7538834e-05,0.000539547,0.00018266127,0.012748912,0.018907893,8389271,0,0.16997182,0.33492833,0.00976823,0.023111966,0.0154667245,0.0063027516,0.0,0.0,0.0,0.69,1310988,1310988,6620172,197388,0,0,831,3,1,3,0,3,0,0,0,0,0,0,0
49716000,49716000,6.318742e-10,1.880298e-05,0.00056596164,0.0002900182,0.009850401,0.014520961,8389271,0,0.16925786,0.33416688,0.0148254605,0.024196591,0.038415216,0.006797721,0.0,0.0,0.0,0.69,1310988,1310988,6620172,197388,0,0,831,3,1,3,0,3,0,0,0,0,0,0,0
49927000,49927000,5.8125016e-10,1.8930445e-05,0.00084701844,0.00020054744,0.012250479,0.018158818,8389271,0,0.16995,0.33439305,0.001915367,0.031630006,0.012366817,0.0031539004,0.0,0.0,0.0,0.69,1310988,1310988,6620172,197388,0,0,831,3,1,3,0,3,0,0,0,0,0,0,0
50116000,50116000,6.173041e-10,1.9177667e-05,0.0007646359,0.00026046715,0.009430892,0.012736986,8389271,0,0.16923878,0.33516484,0.0070565944,0.05592747,0.033663303,0.0029122848,0.0,0.0,0.0,0.69,1310988,1310988,6620172,197388,0,0,831,3,1,3,0,3,0,0,0,0,0,0,0
50326000,50326000,5.762815e-10,1.968845e-05,0.00083384494,0.0003162821,0.0077508655,0.0106395455,8389271,0,0.1699316,0.33539099,0.01670269,0.047741238,0.025413886,0.0053000394,0.0,0.0,0.0,0.69,1310988,1310988,6620172,197388,0,0,831,3,1,3,0,3,0,0,0,0,0,0,0
50527000,50527000,4.9167576e-10,1.8888648e-05,0.0007358573,0.0002635641,0.0098350635,0.015487818,8389271,0,0.16992557,0.33512193,0.010778096,0.054980084,0.003367392,0.007954067,0.0,0.0,0.0,0.69,1310988,1310988,6620172,197388,0,0,831,3,1,3,0,3,0,0,0,0,0,0,0
50725000,50725000,4.6640575e-10,1.860916e-05,0.0007980565,0.00020038967,0.010720561,0.014732095,8389271,0,0.16991273,0.3348515,0.0050274255,0.01056681,0.018930335,0.004460609,0.0,0.0,0.0,0.69,1310988,1310988,6620172,197388,0,0,831,3,1,3,0,3,0,0,0,0,0,0,0
50926000,50926000,4.2273368e-10,1.8114459e-05,0.0007515351,0.00026824273,0.009261191,0.014258849,8389271,0,0.16990384,0.3345799,0.0074525243,0.015089266,0.015055352,0.0024306653,0.0,0.0,0.0,0.69,1310988,1310988,6620172,197388,0,0,831,3,1,3,0,3,0,0,0,0,0,0,0
51116000,51116000,4.063434e-10,1.7514096e-05,0.0008522298,0.00019726792,0.009891166,0.014623871,8389271,0,0.1691926,0.33382377,0.008523566,0.049778204,0.0076808077,0.005774157,0.0,0.0,0.0,0.69,1310988,1310988,6620172,197388,0,0,831,3,1,3,0,3,0,0,0,0,0,0,0
51316000,51316000,4.2548942e-10,1.7455692e-05,0.0006155926,0.0003127365,0.008027347,0.012432883,8389271,0,0.16918248,0.33508834,0.014445331,0.026648426,0.01578638,0.0021002488,0.0,0.0,0.0,0.69,1310988,1310988,6620172,197388,0,0,831,3,1,3,0,3,0,0,0,0,0,0,0
51526000,51526000,4.2788093e-10,1.7673618e-05,0.00073550764,0.0002978144,0.010770298,0.016997483,8389271,0,0.16987245,0.33532074,0.023395026,0.008962247,0.015082081,0.005917066,0.0,0.0,0.0,0.69,1310988,1310988,6620172,197388,0,0,831,3,1,3,0,3,0,0,0,0,0,0,0
51726000,51726000,4.1633264e-10,1.7955e-05,0.0012171097,0.00027864697,0.00942811,0.014192084,8389271,0,0.16986723,0.33505717,0.016498374,0.015574365,0.011137654,0.003358116,0.0,0.0,0.0,0.69,1310988,1310988,6620172,197388,0,0,831,3,1,3,0,3,0,0,0,0,0,0,0
51926000,51926000,3.9469264e-10,1.78745e-05,0.001426662,0.0002327846,0.009650072,0.014690174,8389271,0,0.16986185,0.33480084,0.012166078,0.055957817,0.015752222,0.0035068332,0.0,0.0,0.0,0.69,1310988,1310988,6620172,197388,0,0,831,3,1,3,0,3,0,0,0,0,0,0,0
52125000,52125000,4.3593287e-10,1.7879951e-05,0.0014272064,0.00019798354,0.009977211,0.01573992,8389271,0,0.16985655,0.3345468,0.006223506,0.02777161,0.018887969,0.0010257955,0.0,0.0,0.0,0.69,1310988,1310988,6620172,197388,0,0,831,3,1,3,0,3,0,0,0,0,0,0,0
52326000,52326000,1.3187865e-09,1.9806357e-05,0.0011542019,0.00027978892,0.0055228793,0.01054327,8389271,0,0.16984844,0.33429056,0.007085414,0.043940425,0.015808892,0.007388777,0.0,0.0,0.0,0.69,1310988,1310988,6620172,197388,0,0,831,3,1,3,0,3,0,0,0,0,0,0,0
52516000,52516000,6.9619985e-09,2.819383e-05,0.0011137896,0.0007528444,0.010779822,0.013334142,8389271,0,0.16914313,0.33506933,0.018762702,0.14708792,0.0348153,0.0039898264,0.0,0.0,0.0,0.69,1310988,1310988,6620172,197388,0,0,831,3,1,3,0,3,0,0,0,0,0,0,0
52726000,52726000,1.723828e-08,4.4126107e-05,0.0010835856,0.0010828986,0.02073357,0.024335952,8389271,0,0.16984479,0.33530873,0.016096031,0.1858269,0.0066346126,0.0009387879,0.0,0.0,0.0,0.69,1310988,1310988,6620172,197388,0,0,831,3,1,3,0,3,0,0,0,0,0,0,0
52927000,52927000,2.6161015e-08,4.3305732e-05,0.0009049628,0.0008574531,0.022204885,0.029009493,8389351,0,0.16986014,0.33505136,0.008047673,0.1263789,0.04402951,0.0017685532,0.0,0.0,0.0,0.69,1310988,1310988,6620172,197388,0,0,831,3,1,3,0,3,0,0,0,0,0,0,0
53127000,53127000,2.8652153e-08,3.5430327e-05,0.00063702906,0.00029402427,0.008192972,0.012064978,8389351,0,0.16989009,0.3347955,0.009493839,0.034295905,0.024004333,5.7041754e-05,0.0,0.0,0.0,0.69,1310988,1310988,6620172,197388,0,0,831,3,1,3,0,3,0,0,0,0,0,0,0
53325000,53325000,2.6763342e-08,4.391647e-05,0.0008138979,0.00048739393,0.010791717,0.011426208,8389351,0,0.16991241,0.33453503,0.012367268,0.09635928,0.025430715,0.0021276197,0.0,0.0,0.0,0.69,1310988,1310988,6620172,197388,0,0,831,3,1,3,0,3,0,0,0,0,0,0,0
53516000,53516000,2.0921918e-08,4.091948e-05,0.00091713737,0.00075439224,0.02454736,0.031099074,8389351,0,0.1692148,0.33378133,0.012636825,0.11807703,0.019396868,0.002292572,0.0,0.0,0.0,0.69,1310988,1310988,6620172,197388,0,0,831,3,1,3,0,3,0,0,0,0,0,0,0
53716000,53716000,1.4042455e-08,3.2181488e-05,0.00066104205,0.0011310339,0.03792034,0.049922716,8389351,0,0.1692057,0.33504727,0.01046051,0.17353398,0.016636472,0.0012462195,0.0,0.0,0.0,0.69,1310988,1310988,6620172,197388,0,0,831,3,1,3,0,3,0,0,0,0,0,0,0
53916000,53916000,8.850233e-09,2.7198721e-05,0.0004936421,0.0009004631,0.03659912,0.049779136,8389351,0,0.16918345,0.33478284,0.019418836,0.14216451,0.0061430894,0.0008192911,0.0,0.0,0.0,0.69,1310988,1310988,6620172,197388,0,0,831,3,1,3,0,3,0,0,0,0,0,0,0
54125000,54125000,2.2266775e-08,5.3246684e-05,0.00059891783,0.0007016408,0.031060189,0.04399687,8389351,0,0.1698536,0.33500355,0.0064483783,0.11292304,0.0155023085,0.001669684,0.0,0.0,0.0,0.69,1310988,1310988,6620172,197388,0,0,831,3,1,3,0,3,0,0,0,0,0,0,0
54316000,54316000,2.6756053e-08,5.9115187e-05,0.00076067913,0.0010308315,0.033825807,0.046599336,8389351,0,0.16912238,0.33424097,0.019576589,0.16844669,0.015425577,0.00018864765,0.0,0.0,0.0,0.69,1310988,1310988,6620172,197388,0,0,831,3,1,3,0,3,0,0,0,0,0,0,0
54516000,54516000,2.440529e-08,4.5282166e-05,0.0005711604,0.00072040834,0.027525976,0.039362706,8389351,0,0.1690946,0.3339656,0.01913857,0.0922461,0.0054518175,0.0030226577,0.0,0.0,0.0,0.69,1310988,1310988,6620172,197388,0,0,831,3,1,3,0,3,0,0,0,0,0,0,0
54727000,54727000,1.9127857e-08,4.309772e-05,0.0009089458,0.0004766106,0.016989289,0.029078605,8389351,0,0.16977629,0.33418623,0.007840837,0.0533612,0.015278199,0.0014158306,0.0,0.0,0.0,0.69,1310988,1310988,6620172,197388,0,0,831,3,1,3,0,3,0,0,0,0,0,0,0
54925000,54925000,1.476997e-08,3.720846e-05,0.0009544473,0.00036998026,0.009655409,0.017512346,8389351,0,0.16977337,0.3339202,0.007147311,0.037216812,0.028211122,0.0027911318,0.0,0.0,0.0,0.69,1310988,1310988,6620172,197388,0,0,831,3,1,3,0,3,0,0,0,0,0,0,0
55127000,55127000,1.1238472e-08,3.1901673e-05,0.0009716542,0.0005149868,0.011323609,0.015712308,8389351,0,0.1697782,0.33365384,0.0047287527,0.047828306,0.01657275,0.0018406444,0.0,0.0,0.0,0.69,1310988,1310988,6620172,197388,0,0,831,3,1,3,0,3,0,0,0,0,0,0,0
55316000,55316000,8.97639e-09,2.8468206e-05,0.00086669775,0.0005065874,0.0135844415,0.017600883,8389351,0,0.1690841,0.33442357,0.015382629,0.05661039,0.031158755,0.0007522913,0.0,0.0,0.0,0.69,1310988,1310988,6620172,197388,0,0,831,3,1,3,0,3,0,0,0,0,0,0,0
55526000,55526000,7.285776e-09,2.7709082e-05,0.0009028636,0.00019847242,0.010344437,0.013693091,8389351,0,0.1697918,0.33465108,0.0039437627,0.04038511,0.02353425,0.0009802376,0.0,0.0,0.0,0.69,1310988,1310988,6620172,197388,0,0,831,3,1,3,0,3,0,0,0,0,0,0,0
55716000,55716000,5.4872085e-09,2.5648074e-05,0.0009209591,0.00032613552,0.013261238,0.019810526,8389271,0,0.16909802,0.33389655,0.0015605998,0.033163413,0.004612659,0.0014984072,0.0,0.0,0.0,0.69,1310988,1310988,6620172,197388,0,0,831,3,1,3,0,3,0,0,0,0,0,0,0
55916000,55916000,3.919447e-09,2.2852633e-05,0.00064661406,0.000246602,0.012255355,0.018017156,8389271,0,0.16909951,0.33363515,0.0053132926,0.028299699,0.008829415,0.0022052974,0.0,0.0,0.0,0.69,1310988,1310988,6620172,197388,0,0,831,3,1,3,0,3,0,0,0,0,0,0,0
56125000,56125000,2.7468292e-09,2.1470794e-05,0.00064811634,0.0002850217,0.013491576,0.020400802,8389271,0,0.16979878,0.3338718,0.0036210492,0.07604838,0.022208707,0.0039023513,0.0,0.0,0.0,0.69,1310988,1310988,6620172,197388,0,0,831,3,1,3,0,3,0,0,0,0,0,0,0
56326000,56326000,2.559619e-09,2.5741074e-05,0.0006737465,0.00027490096,0.012926341,0.020450495,8389271,0,0.16979423,0.33514804,0.008539361,0.035118356,0.021014554,0.003006299,0.0,0.0,0.0,0.69,1310988,1310988,6620172,197388,0,0,831,3,1,3,0,3,0,0,0,0,0,0,0
56527000,56527000,4.2899195e-09,2.7491738e-05,0.00063348375,0.00020662356,0.0101611465,0.016699106,8389271,0,0.16979036,0.33490008,0.00014473792,0.037693817,0.021555953,0.004268358,0.0,0.0,0.0,0.69,1310988,1310988,6620172,197388,0,0,831,3,1,3,0,3,0,0,0,0,0,0,0
56716000,56716000,5.823385e-09,2.6781034e-05,0.0006388107,0.00022687971,0.009972363,0.015947884,8389271,0,0.16908142,0.33415723,0.0009772361,0.045958985,0.020718547,0.001777578,0.0,0.0,0.0,0.69,1310988,1310988,6620172,197388,0,0,831,3,1,3,0,3,0,0,0,0,0,0,0
56927000,56927000,5.787329e-09,2.7472743e-05,0.0009071907,9.211297e-05,0.0056622974,0.010907983,8389271,0,0.16977209,0.3344042,0.0041406304,0.02132688,0.0041198353,0.0026506851,0.0,0.0,0.0,0.69,1310988,1310988,6620172,197388,0,0,831,3,1,3,0,3,0,0,0,0,0,0,0
57127000,57127000,7.359851e-09,2.5304716e-05,0.0006432555,0.00022436828,0.0012159899,0.0028300106,8389271,0,0.16976562,0.33416426,0.0046060383,0.024260739,0.029213116,0.0014714897,0.0,0.0,0.0,0.69,1310988,1310988,6620172,197388,0,0,831,3,1,3,0,3,0,0,0,0,0,0,0
57327000,57327000,8.182833e-09,2.2863322e-05,0.00050036306,0.00018731022,0.0038075882,0.005209998,8389271,0,0.16975692,0.33392298,0.0039372183,0.033956826,0.022011098,0.0010525291,0.0,0.0,0.0,0.69,1310988,1310988,6620172,197388,0,0,831,3,1,3,0,3,0,0,0,0,0,0,0
57527000,57527000,7.366005e-09,2.1640424e-05,0.00039284723,4.1242718e-05,0.0010489346,0.002512457,8389271,0,0.16975084,0.33521613,0.0018082468,0.034095664,0.018196134,0.0019040526,0.0,0.0,0.0,0.69,1310988,1310988,6620172,197388,0,0,831,3,1,3,0,3,0,0,0,0,0,0,0
57727000,57727000,5.7906293e-09,2.0881376e-05,0.0003502346,0.00016465188,0.007648423,0.014183727,8389271,0,0.16974619,0.3349771,0.0010583497,0.06811967,0.013449578,0.0020018495,0.0,0.0,0.0,0.69,1310988,1310988,6620172,197388,0,0,831,3,1,3,0,3,0,0,0,0,0,0,0
57927000,57927000,4.199847e-09,2.033437e-05,0.00031668576,0.00019614692,0.005123062,0.0069483663,8389271,0,0.16974245,0.33474007,0.003978046,0.050155416,0.020504972,0.0025358538,0.0,0.0,0.0,0.69,1310988,1310988,6620172,197388,0,0,831,3,1,3,0,3,0,0,0,0,0,0,0
58126000,58126000,2.7891083e-09,2.0215182e-05,0.00075750914,0.00026983293,0.007600212,0.011815875,8389271,0,0.16974026,0.33450466,0.0048235273,0.043694004,0.018821022,0.0011574017,0.0,0.0,0.0,0.69,1310988,1310988,6620172,197388,0,0,831,3,1,3,0,3,0,0,0,0,0,0,0
58327000,58327000,1.0192329e-08,4.3693046e-05,0.0007951482,0.00020860927,0.0075440756,0.012419423,8389271,0,0.16974628,0.33427498,0.0021768934,0.049988516,0.017001813,0.0017554936,0.0,0.0,0.0,0.69,1310988,1310988,6620172,197388,0,0,831,3,1,3,0,3,0,0,0,0,0,0,0
58527000,58527000,2.636425e-08,5.4516346e-05,0.0005788682,0.00078949274,0.012725635,0.014206027,8389271,0,0.16975017,0.33404103,0.0070949895,0.10639263,0.017163835,0.0020836252,0.0,0.0,0.0,0.69,1310988,1310988,6620172,197388,0,0,831,3,1,3,0,3,0,0,0,0,0,0,0
58727000,58727000,2.4437595e-08,4.2155756e-05,0.00045587553,0.0004333273,0.014350144,0.017765861,8389271,0,0.16974974,0.33380258,0.0060832486,0.026672203,0.01669957,0.0018704187,0.0,0.0,0.0,0.69,1310988,1310988,6620172,197388,0,0,831,3,1,3,0,3,0,0,0,0,0,0,0
58927000,58927000,1.9766658e-08,3.3386914e-05,0.0003739327,0.0002789993,0.0065025967,0.01077499,8389271,0,0.16974996,0.33509347,0.00594085,0.017766075,0.025348358,0.00031737957,0.0,0.0,0.0,0.69,1310988,1310988,6620172,197388,0,0,831,3,1,3,0,3,0,0,0,0,0,0,0
59127000,59127000,1.5377562e-08,2.863441e-05,0.0003253428,0.00051769015,0.0042316373,0.006010553,8389271,0,0.16975157,0.33485475,0.009829987,0.04607191,0.020711789,0.0015605225,0.0,0.0,0.0,0.69,1310988,1310988,6620172,197388,0,0,831,3,1,3,0,3,0,0,0,0,0,0,0
59316000,59316000,1.1636211e-08,2.6465508e-05,0.00046395473,0.0006185059,0.010470126,0.013095034,8389271,0,0.16905369,0.33412004,0.0030980487,0.055616114,0.016120292,0.00013559352,0.0,0.0,0.0,0.69,1310988,1310988,6620172,197388,0,0,831,3,1,3,0,3,0,0,0,0,0,0,0
59526000,59526000,8.780558e-09,2.5355688e-05,0.0006950025,0.0004796795,0.010205485,0.011830302,8389271,0,0.16975756,0.33436856,0.008383534,0.07335083,0.005952141,0.0018352334,0.0,0.0,0.0,0.69,1310988,1310988,6620172,197388,0,0,831,3,1,3,0,3,0,0,0,0,0,0,0
59726000,59726000,6.878388e-09,2.25916e-05,0.00052826037,0.00047026476,0.011239434,0.015831903,8389271,0,0.16976549,0.3341168,3.840334e-05,0.053130064,0.017368916,0.002979627,0.0,0.0,0.0,0.69,1310988,1310988,6620172,197388,0,0,831,3,1,3,0,3,0,0,0,0,0,0,0
59927000,59927000,5.5066547e-09,2.1615504e-05,0.0005943668,0.00019764122,0.007252894,0.011535813,8389271,0,0.16977453,0.33386394,4.6112713e-05,0.028388487,0.016216988,0.0041032834,0.0,0.0,0.0,0.69,1310988,1310988,6620172,197388,0,0,831,3,1,3,0,3,0,0,0,0,0,0,0
60116000,60116000,4.0252655e-09,2.0411888e-05,0.0006222086,0.00027250184,0.0067766155,0.01075353,8389271,0,0.16908033,0.3346434,0.008750211,0.04931906,0.021385325,0.0036935157,0.0,0.0,0.0,0.69,1310988,1310988,6620172,197388,0,0,831,3,1,3,0,3,0,0,0,0,0,0,0
60325000,60325000,3.115278e-09,2.046347e-05,0.0006087136,0.000110031346,0.0026692892,0.0055124694,8389271,0,0.16979079,0.33487946,0.0057862694,0.019262481,0.0042648236,0.0012956827,0.0,0.0,0.0,0.69,1310988,1310988,6620172,197388,0,0,831,3,1,3,0,3,0,0,0,0,0,0,0
60526000,60526000,6.312102e-09,3.2362652e-05,0.0006638908,7.897973e-05,0.0013190289,0.0015704109,8389271,0,0.16979972,0.33461815,0.0038688506,0.02252037,0.026014205,0.0023475883,0.0,0.0,0.0,0.69,1310988,1310988,6620172,197388,0,0,831,3,1,3,0,3,0,0,0,0,0,0,0
60716000,60716000,8.157561e-09,3.461562e-05,0.00082935236,0.0004103715,0.009043396,0.0102795,8389271,0,0.16910566,0.3338626,0.0009873976,0.04081928,0.009216033,0.00013423464,0.0,0.0,0.0,0.69,1310988,1310988,6620172,197388,0,0,831,3,1,3,0,3,0,0,0,0,0,0,0
60925000,60925000,8.7806695e-09,3.068459e-05,0.00079893356,0.00041550657,0.012234913,0.016320603,8389271,0,0.16981056,0.33408913,0.0014589513,0.037840836,0.018777935,0.00019607783,0.0,0.0,0.0,0.69,1310988,1310988,6620172,197388,0,0,831,3,1,3,0,3,0,0,0,0,0,0,0
61127000,61127000,8.704209e-09,2.9078032e-05,0.0008484691,0.00030292757,0.012837832,0.019400198,8389271,0,0.16981642,0.33535078,0.0043913797,0.03776361,0.0032264006,0.0023231686,0.0,0.0,0.0,0.69,1310988,1310988,6620172,197388,0,0,831,3,1,3,0,3,0,0,0,0,0,0,0
61325000,61325000,8.627905e-09,2.9393312e-05,0.0009124165,0.00010792673,0.0076767085,0.013733331,8389271,0,0.16981989,0.3350773,0.0062825163,0.024241298,0.0053566014,0.0024237856,0.0,0.0,0.0,0.69,1310988,1310988,6620172,197388,0,0,831,3,1,3,0,3,0,0,0,0,0,0,0
61525000,61525000,7.846189e-09,2.552101e-05,0.0006483541,0.00022107034,0.0034054744,0.008944699,8389271,0,0.1698232,0.3348056,0.0015888811,0.01810017,0.011894574,0.0030142604,0.0,0.0,0.0,0.69,1310988,1310988,6620172,197388,0,0,831,3,1,3,0,3,0,0,0,0,0,0,0
61727000,61727000,5.834701e-09,2.3831577e-05,0.0007804009,0.00038697486,0.006730263,0.010814343,8389271,0,0.16982749,0.33453158,0.0053239134,0.043613676,0.02346298,0.0010399,0.0,0.0,0.0,0.69,1310988,1310988,6620172,197388,0,0,831,3,1,3,0,3,0,0,0,0,0,0,0
61916000,61916000,3.9730357e-09,2.1805927e-05,0.0007577984,0.00027113708,0.008329849,0.011164349,8389271,0,0.16912496,0.3337712,0.0009405063,0.053387098,0.013160901,0.0013054888,0.0,0.0,0.0,0.69,1310988,1310988,6620172,197388,0,0,831,3,1,3,0,3,0,0,0,0,0,0,0
62125000,62125000,2.7423697e-09,2.0178235e-05,0.00074726733,0.00025886853,0.009453718,0.013475263,8389271,0,0.16982293,0.3339861,0.003931409,0.03597912,0.023521854,0.0027145466,0.0,0.0,0.0,0.69,1310988,1310988,6620172,197388,0,0,831,3,1,3,0,3,0,0,0,0,0,0,0
62325000,62325000,2.3779294e-09,2.1317808e-05,0.0005573503,0.00015037964,0.006515814,0.009727532,8389271,0,0.16981518,0.33524272,0.003913901,0.031080322,0.023822704,0.00077371247,0.0,0.0,0.0,0.69,1310988,1310988,6620172,197388,0,0,831,3,1,3,0,3,0,0,0,0,0,0,0
62516000,62516000,1.8854371e-09,2.1435004e-05,0.0008695444,6.377606e-05,0.0041526877,0.008878558,8389271,0,0.16910851,0.3344823,0.0039415155,0.009337265,0.0091868695,0.0008153267,0.0,0.0,0.0,0.69,1310988,1310988,6620172,197388,0,0,831,3,1,3,0,3,0,0,0,0,0,0,0
62725000,62725000,2.0728237e-09,2.1690703e-05,0.0007857917,0.00015114176,0.004276073,0.0058237715,8389271,0,0.16980138,0.33469975,0.009267566,0.02301351,0.004114405,0.002970165,0.0,0.0,0.0,0.69,1310988,1310988,6620172,197388,0,0,831,3,1,3,0,3,0,0,0,0,0,0,0
62926000,62926000,2.8589355e-09,2.062596e-05,0.0007251214,0.00017790207,0.0057576536,0.0072200187,8389271,0,0.16979353,0.33442727,0.0062584877,0.03352504,0.014703547,0.00077023724,0.0,0.0,0.0,0.69,1310988,1310988,6620172,197388,0,0,831,3,1,3,0,3,0,0,0,0,0,0,0
63125000,63125000,4.0143355e-09,2.3945946e-05,0.0010006471,8.843537e-05,0.0048818532,0.005991478,8389271,0,0.16978943,0.33415446,0.0013091185,0.021411745,0.016964054,0.0035090246,0.0,0.0,0.0,0.69,1310988,1310988,6620172,197388,0,0,831,3,1,3,0,3,0,0,0,0,0,0,0
63325000,63325000,4.0444963e-09,2.1254615e-05,0.0007176745,0.00012749854,0.0020950465,0.0034354432,8389271,0,0.16978131,0.33388114,0.004145825,0.02049083,0.020104386,0.0006607574,0.0,0.0,0.0,0.69,1310988,1310988,6620172,197388,0,0,831,3,1,3,0,3,0,0,0,0,0,0,0
63527000,63527000,2.945315e-09,2.0378213e-05,0.0006720847,0.0001874966,0.0032732014,0.006017504,8389271,0,0.16977388,0.33513758,0.0042118547,0.040674288,0.01939392,0.00064438704,0.0,0.0,0.0,0.69,1310988,1310988,6620172,197388,0,0,831,3,1,3,0,3,0,0,0,0,0,0,0
63727000,63727000,2.008919e-09,1.9587422e-05,0.0005245727,0.000119918455,0.004316762,0.008213768,8389271,0,0.16976039,0.3348726,0.0014094949,0.023869924,0.027626004,0.0016824157,0.0,0.0,0.0,0.69,1310988,1310988,6620172,197388,0,0,831,3,1,3,0,3,0,0,0,0,0,0,0
63927000,63927000,1.3676882e-09,1.8986359e-05,0.0011041544,0.00011318826,0.0038421743,0.0062515805,8389271,0,0.16974598,0.33461115,0.004745833,0.02103997,0.0040040766,0.001393122,0.0,0.0,0.0,0.69,1310988,1310988,6620172,197388,0,0,831,3,1,3,0,3,0,0,0,0,0,0,0
64116000,64116000,1.998787e-09,2.3414417e-05,0.0009864838,0.00022370303,0.006384632,0.010064737,8389271,0,0.16903421,0.333859,0.0029044226,0.038454466,0.023290379,0.0021130373,0.0,0.0,0.0,0.69,1310988,1310988,6620172,197388,0,0,831,3,1,3,0,3,0,0,0,0,0,0,0
64327000,64327000,3.0391742e-09,2.4959747e-05,0.0011212003,0.0001222545,0.0040657935,0.005786413,8389271,0,0.16971909,0.33408946,0.0049590985,0.018636277,0.007954273,0.002938401,0.0,0.0,0.0,0.69,1310988,1310988,6620172,197388,0,0,831,3,1,3,0,3,0,0,0,0,0,0,0
64516000,64516000,3.112098e-09,2.3480594e-05,0.0009157033,0.00015035563,0.0033747703,0.0041155643,8389271,0,0.16901295,0.3348665,0.009718776,0.033018794,0.009852266,0.0030508044,0.0,0.0,0.0,0.69,1310988,1310988,6620172,197388,0,0,831,3,1,3,0,3,0,0,0,0,0,0,0
64725000,64725000,3.453705e-09,2.343161e-05,0.0008189304,0.00020309573,0.006242887,0.01082806,8389271,0,0.16969867,0.3350966,0.0039249426,0.047348052,0.024520997,0.0018951896,0.0,0.0,0.0,0.69,1310988,1310988,6620172,197388,0,0,831,3,1,3,0,3,0,0,0,0,0,0,0
64925000,64925000,5.0348827e-09,2.8451821e-05,0.0011047587,0.00029392744,0.007460731,0.011561559,8389271,0,0.16968744,0.33483332,0.0062764385,0.035869118,0.01919223,0.003370667,0.0,0.0,0.0,0.69,1310988,1310988,6620172,197388,0,0,831,3,1,3,0,3,0,0,0,0,0,0,0
65127000,65127000,6.9127153e-09,2.9616253e-05,0.0010823022,0.0002590869,0.005860694,0.008443012,8389271,0,0.16967826,0.33457237,0.0011464019,0.028331906,0.020310896,0.0011911412,0.0,0.0,0.0,0.69,1310988,1310988,6620172,197388,0,0,831,3,1,3,0,3,0,0,0,0,0,0,0
65325000,65325000,7.57761e-09,2.8545635e-05,0.0010548327,0.0001270465,0.0009274086,0.0009349578,8389271,0,0.16967297,0.33431384,0.0070322137,0.024341952,0.0047968472,0.0018883444,0.0,0.0,0.0,0.69,1310988,1310988,6620172,197388,0,0,831,3,1,3,0,3,0,0,0,0,0,0,0
65526000,65526000,6.9711104e-09,2.5728525e-05,0.0008892622,0.00012796065,0.0026351088,0.003606959,8389271,0,0.16966873,0.33405748,0.00025315702,0.024331393,0.01819627,0.0011100419,0.0,0.0,0.0,0.69,1310988,1310988,6620172,197388,0,0,831,3,1,3,0,3,0,0,0,0,0,0,0
65725000,65725000,5.6988507e-09,2.5839458e-05,0.0010860201,0.00037767086,0.010906294,0.013868063,8389271,0,0.16967006,0.3337987,0.0046203015,0.079205744,0.022835858,0.00078531064,0.0,0.0,0.0,0.69,1310988,1310988,6620172,197388,0,0,831,3,1,3,0,3,0,0,0,0,0,0,0
65927000,65927000,4.114641e-09,2.319665e-05,0.0010913633,0.00029483883,0.011544258,0.018574638,8389271,0,0.1696711,0.335067,0.0010892837,0.037523646,0.01647514,4.2042425e-06,0.0,0.0,0.0,0.69,1310988,1310988,6620172,197388,0,0,831,3,1,3,0,3,0,0,0,0,0,0,0
66116000,66116000,3.0912786e-09,2.156187e-05,0.0009418142,0.0001875753,0.010107128,0.015561045,8389271,0,0.16897796,0.33431444,0.0013758634,0.04884543,0.004399128,0.0037556132,0.0,0.0,0.0,0.69,1310988,1310988,6620172,197388,0,0,831,3,1,3,0,3,0,0,0,0,0,0,0
66325000,66325000,2.2045532e-09,2.0903202e-05,0.00082451425,0.00035191528,0.012928869,0.021114336,8389271,0,0.16968109,0.3345388,0.0034654294,0.044208758,0.028801696,0.0029420387,0.0,0.0,0.0,0.69,1310988,1310988,6620172,197388,0,0,831,3,1,3,0,3,0,0,0,0,0,0,0
66527000,66527000,1.6181054e-09,1.911293e-05,0.0012061823,0.00010116992,0.006492343,0.012757712,8389271,0,0.16968623,0.33427066,0.0025345115,0.023502195,0.022112017,0.0020958714,0.0,0.0,0.0,0.69,1310988,1310988,6620172,197388,0,0,831,3,1,3,0,3,0,0,0,0,0,0,0
66724000,66724000,2.362397e-09,2.0685478e-05,0.0010383917,0.00014290454,0.0023864948,0.007243616,8389271,0,0.16968988,0.33400825,0.0014341311,0.024227006,0.02362148,0.0027635673,0.0,0.0,0.0,0.69,1310988,1310988,6620172,197388,0,0,831,3,1,3,0,3,0,0,0,0,0,0,0
66926000,66926000,4.282542e-09,2.3633938e-05,0.0010529951,9.964124e-05,0.0017169535,0.0063037667,8389271,0,0.16969201,0.33374208,0.0012019137,0.020586591,0.024498817,0.00027131816,0.0,0.0,0.0,0.69,1310988,1310988,6620172,197388,0,0,831,3,1,3,0,3,0,0,0,0,0,0,0
67127000,67127000,5.477243e-09,2.3192082e-05,0.00088088744,0.00017821595,0.0030873038,0.006548448,8389271,0,0.16969399,0.33500057,0.001978368,0.034589488,0.025758902,0.004843159,0.0,0.0,0.0,0.69,1310988,1310988,6620172,197388,0,0,831,3,1,3,0,3,0,0,0,0,0,0,0
67316000,67316000,5.413029e-09,2.1693484e-05,0.0007825902,0.00016132394,0.003226374,0.0063735875,8389271,0,0.16899407,0.33424053,0.000105080544,0.034300692,0.017101575,0.003695459,0.0,0.0,0.0,0.69,1310988,1310988,6620172,197388,0,0,831,3,1,3,0,3,0,0,0,0,0,0,0
67516000,67516000,4.904166e-09,2.1470407e-05,0.0005722092,0.00015480962,0.0035870161,0.0057452084,8389271,0,0.16899458,0.3339692,0.0027804337,0.042607002,0.0099202525,0.00036088307,0.0,0.0,0.0,0.69,1310988,1310988,6620172,197388,0,0,831,3,1,3,0,3,0,0,0,0,0,0,0
67725000,67725000,3.6001735e-09,2.1088246e-05,0.0005888216,0.00031204172,0.0076556723,0.010692909,8389271,0,0.1696949,0.3341837,0.0007712727,0.057262834,0.024151629,0.0022819992,0.0,0.0,0.0,0.69,1310988,1310988,6620172,197388,0,0,831,3,1,3,0,3,0,0,0,0,0,0,0
67927000,67927000,1.8924698e-08,8.747405e-05,0.0010229857,0.00026466916,0.006825629,0.009091134,8389271,0,0.16970006,0.33390847,0.010986,0.04899152,0.009746307,0.004404187,0.0,0.0,0.0,0.69,1310988,1310988,6620172,197388,0,0,831,3,1,3,0,3,0,0,0,0,0,0,0
68127000,68127000,1.4024336e-07,0.00012473903,0.0007748548,0.0013073833,0.05106429,0.10919149,8389271,0,0.1695596,0.33363196,0.11353486,0.5051904,0.034374192,0.007305703,0.0,0.0,0.0,0.69,1310988,1310988,6620172,197388,0,0,831,3,1,3,0,3,0,0,1,0,0,0,0
68327000,68327000,1.2056355e-06,0.0043827468,0.0047803153,0.0022830782,0.04467826,0.10694144,535,0,0.17278016,0.33589745,0.27422154,0.46200466,0.013142931,0.015586338,0.0,0.0,0.0,0.69,1310988,1310988,6620172,197388,0,0,895,3,1,3,0,3,0,0,1,0,0,0,0
68527000,68527000,1.1719777e-06,0.002814745,0.0030452472,0.0052939593,0.028418893,0.09623189,535,0,0.17493133,0.33640003,0.39619395,0.30275366,0.034817837,0.021371134,0.0,0.0,0.0,0.69,1310988,1310988,6620172,197388,0,0,895,3,1,3,0,3,0,0,0,0,0,0,0
68716000,68716000,1.0522872e-06,0.0019480203,0.0021152839,0.0048289145,0.04740482,0.10825549,535,0,0.17294762,0.33699933,0.29272628,0.34396192,0.05163132,0.025540771,0.0,0.0,0.0,0.69,1310988,1310988,6620172,197388,0,0,895,3,1,3,0,3,0,0,0,0,0,0,0
